FEAT_CODE,DESCRIPTION,LAYER,PRODUCT
BLAR40,ARENA polygon,BUILDINGS,NSTDB
BLAR43,ARENA under construction polygon,BUILDINGS,NSTDB
BLAR44,ARENA ruin/inactive/abandoned polygon,BUILDINGS,NSTDB
BLAR45,ARENA polygon indefinite/approximate polygon,BUILDINGS,NSTDB
BLAR60,ARENA point,BUILDINGS,NSTDB
BLAR63,ARENA under construction point,BUILDINGS,NSTDB
BLAR64,ARENA ruin/inactive/abandoned point,BUILDINGS,NSTDB
BLAR65,ARENA indefinite/approximate point,BUILDINGS,NSTDB
BLCC40,COMMUNITY CENTRE polygon,BUILDINGS,NSTDB
BLCC43,COMMUNITY CENTRE under construction polygon,BUILDINGS,NSTDB
BLCC44,COMMUNITY CENTRE ruin/inactive/abandoned polygon,BUILDINGS,NSTDB
BLCC45,COMMUNITY CENTRE polygon indefinite/approximate polygon,BUILDINGS,NSTDB
BLCC60,COMMUNITY CENTER point,BUILDINGS,NSTDB
BLCC63,COMMUNITY CENTRE under construction point,BUILDINGS,NSTDB
BLCC64,COMMUNITY CENTRE ruin/inactive/abandoned point,BUILDINGS,NSTDB
BLCC65,COMMUNITY CENTRE indefinite/approximate point,BUILDINGS,NSTDB
BLCH40,CHURCH polygon,BUILDINGS,NSTDB
BLCH43,CHURCH under construction polygon,BUILDINGS,NSTDB
BLCH44,CHURCH ruin/inactive/abandoned polygon,BUILDINGS,NSTDB
BLCH45,CHURCH polygon indefinite/approximate polygon,BUILDINGS,NSTDB
BLCH60,CHURCH point,BUILDINGS,NSTDB
BLCH63,CHURCH under construction point,BUILDINGS,NSTDB
BLCH64,CHURCH ruin/inactive/abandoned point,BUILDINGS,NSTDB
BLCH65,CHURCH indefinite/approximate point,BUILDINGS,NSTDB
BLDG40,BUILDING polygon,BUILDINGS,NSTDB
BLDG43,BUILDING under construction polygon,BUILDINGS,NSTDB
BLDG44,BUILDING ruin/inactive/abandoned polygon,BUILDINGS,NSTDB
BLDG45,BUILDING polygon indefinite/approximate polygon,BUILDINGS,NSTDB
BLDG46,BUILDING underground polygon,BUILDINGS,NSTDB
BLDG60,BUILDING point,BUILDINGS,NSTDB
BLDG63,BUILDING under construction point,BUILDINGS,NSTDB
BLDG64,BUILDING ruin/inactive/abandoned point,BUILDINGS,NSTDB
BLDG65,BUILDING indefinite/approximate point,BUILDINGS,NSTDB
BLDG66,BUILDING underground point,BUILDINGS,NSTDB
BLFA40,FACTORY polygon,BUILDINGS,NSTDB
BLFA43,FACTORY under construction polygon,BUILDINGS,NSTDB
BLFA44,FACTORY ruin/inactive/abandoned polygon,BUILDINGS,NSTDB
BLFA45,FACTORY polygon indefinite/approximate polygon,BUILDINGS,NSTDB
BLFA60,FACTORY point,BUILDINGS,NSTDB
BLFA63,FACTORY under construction point,BUILDINGS,NSTDB
BLFA64,FACTORY ruin/inactive/abandoned point,BUILDINGS,NSTDB
BLFA65,FACTORY indefinite/approximate point,BUILDINGS,NSTDB
BLFS40,FIRE STATION polygon,BUILDINGS,NSTDB
BLFS43,FIRE STATION under construction polygon,BUILDINGS,NSTDB
BLFS44,FIRE STATION ruin/inactive/abandoned polygon,BUILDINGS,NSTDB
BLFS45,FIRE STATION polygon indefinite/approximate polygon,BUILDINGS,NSTDB
BLFS60,FIRE STATION point,BUILDINGS,NSTDB
BLFS63,FIRE STATION under construction point,BUILDINGS,NSTDB
BLFS64,FIRE STATION ruin/inactive/abandoned point,BUILDINGS,NSTDB
BLFS65,FIRE STATION indefinite/approximate point,BUILDINGS,NSTDB
BLFT40,FORT polygon,BUILDINGS,NSTDB
BLFT43,FORT under construction polygon,BUILDINGS,NSTDB
BLFT44,FORT ruin/inactive/abandoned polygon,BUILDINGS,NSTDB
BLFT45,FORT polygon indefinite/approximate polygon,BUILDINGS,NSTDB
BLFT46,FORT underground polygon,BUILDINGS,NSTDB
BLFT63,FORT under construction point,BUILDINGS,NSTDB
BLFT64,FORT ruin/inactive/abandoned point,BUILDINGS,NSTDB
BLFT65,FORT indefinite/approximate point,BUILDINGS,NSTDB
BLFT66,FORT underground point,BUILDINGS,NSTDB
BLGH40,GREEN HOUSE polygon,BUILDINGS,NSTDB
BLGH43,GREEN HOUSE under construction polygon,BUILDINGS,NSTDB
BLGH44,GREEN HOUSE ruin/inactive/abandoned polygon,BUILDINGS,NSTDB
BLGH45,GREEN HOUSE polygon indefinite/approximate polygon,BUILDINGS,NSTDB
BLGH60,GREEN HOUSE point,BUILDINGS,NSTDB
BLGH63,GREEN HOUSE under construction point,BUILDINGS,NSTDB
BLGH64,GREEN HOUSE ruin/inactive/abandoned point,BUILDINGS,NSTDB
BLGH65,GREEN HOUSE indefinite/approximate point,BUILDINGS,NSTDB
BLHO40,HOSPITAL polygon,BUILDINGS,NSTDB
BLHO43,HOSPITAL under construction polygon,BUILDINGS,NSTDB
BLHO44,HOSPITAL ruin/inactive/abandoned polygon,BUILDINGS,NSTDB
BLHO45,HOSPITAL polygon indefinite/approximate polygon,BUILDINGS,NSTDB
BLHO60,HOSPITAL point,BUILDINGS,NSTDB
BLHO63,HOSPITAL under construction point,BUILDINGS,NSTDB
BLHO64,HOSPITAL ruin/inactive/abandoned point,BUILDINGS,NSTDB
BLHO65,HOSPITAL indefinite/approximate point,BUILDINGS,NSTDB
BLLB40,LEGISLATURE BUILDING polygon,BUILDINGS,NSTDB
BLLI40,LIBRARY polygon,BUILDINGS,NSTDB
BLLI43,LIBRARY under construction polygon,BUILDINGS,NSTDB
BLLI44,LIBRARY ruin/inactive/abandoned polygon,BUILDINGS,NSTDB
BLLI45,LIBRARY polygon indefinite/approximate polygon,BUILDINGS,NSTDB
BLLI60,LIBRARY point,BUILDINGS,NSTDB
BLLI63,LIBRARY under construction point,BUILDINGS,NSTDB
BLLI64,LIBRARY ruin/inactive/abandoned point,BUILDINGS,NSTDB
BLLI65,LIBRARY indefinite/approximate point,BUILDINGS,NSTDB
BLMU40,MUSEUM polygon,BUILDINGS,NSTDB
BLMU43,MUSEUM under construction polygon,BUILDINGS,NSTDB
BLMU44,MUSEUM ruin/inactive/abandoned polygon,BUILDINGS,NSTDB
BLMU45,MUSEUM polygon indefinite/approximate polygon,BUILDINGS,NSTDB
BLMU60,MUSEUM point,BUILDINGS,NSTDB
BLMU63,MUSEUM under construction point,BUILDINGS,NSTDB
BLMU64,MUSEUM ruin/inactive/abandoned point,BUILDINGS,NSTDB
BLMU65,MUSEUM indefinite/approximate point,BUILDINGS,NSTDB
BLPO40,POST OFFICE polygon,BUILDINGS,NSTDB
BLPO43,POST OFFICE under construction polygon,BUILDINGS,NSTDB
BLPO44,POST OFFICE ruin/inactive/abandoned polygon,BUILDINGS,NSTDB
BLPO45,POST OFFICE polygon indefinite/approximate polygon,BUILDINGS,NSTDB
BLPO60,POST OFFICE point,BUILDINGS,NSTDB
BLPO63,POST OFFICE under construction point,BUILDINGS,NSTDB
BLPO64,POST OFFICE ruin/inactive/abandoned point,BUILDINGS,NSTDB
BLPO65,POST OFFICE indefinite/approximate point,BUILDINGS,NSTDB
BLPS40,POLICE STATION polygon,BUILDINGS,NSTDB
BLPS43,POLICE STATION under construction polygon,BUILDINGS,NSTDB
BLPS44,POLICE STATION ruin/inactive/abandoned polygon,BUILDINGS,NSTDB
BLPS45,POLICE STATION polygon indefinite/approximate polygon,BUILDINGS,NSTDB
BLPS60,POLICE STATION point,BUILDINGS,NSTDB
BLPS63,POLICE STATION under construction point,BUILDINGS,NSTDB
BLPS64,POLICE STATION ruin/inactive/abandoned point,BUILDINGS,NSTDB
BLPS65,POLICE STATION indefinite/approximate point,BUILDINGS,NSTDB
BLPU40,PUMPING STATION polygon,BUILDINGS,NSTDB
BLPU43,PUMPING STATION under construction polygon,BUILDINGS,NSTDB
BLPU44,PUMPING STATION ruin/inactive/abandoned polygon,BUILDINGS,NSTDB
BLPU45,PUMPING STATION polygon indefinite/approximate polygon,BUILDINGS,NSTDB
BLPU60,PUMPING STATION point,BUILDINGS,NSTDB
BLPU63,PUMPING STATION under construction point,BUILDINGS,NSTDB
BLPU64,PUMPING STATION ruin/inactive/abandoned point,BUILDINGS,NSTDB
BLPU65,PUMPING STATION indefinite/approximate point,BUILDINGS,NSTDB
BLSC40,SENIOR CITIZENS polygon,BUILDINGS,NSTDB
BLSC43,SENIOR CITIZENS under construction polygon,BUILDINGS,NSTDB
BLSC44,SENIOR CITIZENS ruin/inactive/abandoned polygon,BUILDINGS,NSTDB
BLSC45,SENIOR CITIZENS polygon indefinite/approximate polygon,BUILDINGS,NSTDB
BLSC46,SENIOR CITIZENS underground polygon,BUILDINGS,NSTDB
BLSC60,SENIOR CITIZENS point,BUILDINGS,NSTDB
BLSC63,SENIOR CITIZENS under construction point,BUILDINGS,NSTDB
BLSC64,SENIOR CITIZENS ruin/inactive/abandoned point,BUILDINGS,NSTDB
BLSC65,SENIOR CITIZENS indefinite/approximate point,BUILDINGS,NSTDB
BLSH40,SCHOOL polygon,BUILDINGS,NSTDB
BLSH43,SCHOOL under construction polygon,BUILDINGS,NSTDB
BLSH44,SCHOOL ruin/inactive/abandoned polygon,BUILDINGS,NSTDB
BLSH45,SCHOOL polygon indefinite/approximate polygon,BUILDINGS,NSTDB
BLSH60,SCHOOL point,BUILDINGS,NSTDB
BLSH63,SCHOOL under construction point,BUILDINGS,NSTDB
BLSH64,SCHOOL ruin/inactive/abandoned point,BUILDINGS,NSTDB
BLSH65,SCHOOL indefinite/approximate point,BUILDINGS,NSTDB
BLTH40,TOWN HALL polygon,BUILDINGS,NSTDB
BLTH43,TOWN HALL under construction polygon,BUILDINGS,NSTDB
BLTH44,TOWN HALL ruin/inactive/abandoned polygon,BUILDINGS,NSTDB
BLTH45,TOWN HALL polygon indefinite/approximate polygon,BUILDINGS,NSTDB
BLTH60,TOWN HALL point,BUILDINGS,NSTDB
BLTH63,TOWN HALL under construction point,BUILDINGS,NSTDB
BLTH64,TOWN HALL ruin/inactive/abandoned point,BUILDINGS,NSTDB
BLTH65,TOWN HALL  indefinite/approximate point,BUILDINGS,NSTDB
DAAD40,AMMUNITION DUMP polygon,DESIGNATED_AREAS,NSTDB
DAAP40,AIRPORT polygon,DESIGNATED_AREAS,NSTDB
DAAS41,AIRSTRIP paved polygon,DESIGNATED_AREAS,NSTDB
DAAS42,AIRSTRIP unpaved polygon,DESIGNATED_AREAS,NSTDB
DAAS44,AIRSTRIP ruin/inactive/abandoned polygon,DESIGNATED_AREAS,NSTDB
DACG40,CAMPGROUND polygon,DESIGNATED_AREAS,NSTDB
DACM40,CEMETERY polygon,DESIGNATED_AREAS,NSTDB
DADI40,DRIVE-IN THEATRE polygon,DESIGNATED_AREAS,NSTDB
DADI44,DRIVE-IN THEATRE ruin/inactive/abandoned polygon,DESIGNATED_AREAS,NSTDB
DADP40,DISPOSAL PILE (mines) polygon,DESIGNATED_AREAS,NSTDB
DADR40,GOLF DRIVING RANGE polygon,DESIGNATED_AREAS,NSTDB
DADU40,DUMP / SANITARY LANDFILL polygon,DESIGNATED_AREAS,NSTDB
DADU44,DUMP / SANITARY LANDFILL ruin/inactive/abandoned polygon,DESIGNATED_AREAS,NSTDB
DADY41,DOCKYARD paved polygon,DESIGNATED_AREAS,NSTDB
DADY42,DOCKYARD unpaved polygon,DESIGNATED_AREAS,NSTDB
DAES40,ELECTRICAL GENERATING PLANT polygon,DESIGNATED_AREAS,NSTDB
DAES44,ELECTRICAL GENERATING PLANT ruin/inactive/abandoned polygon,DESIGNATED_AREAS,NSTDB
DAEX40,EXHIBITION GROUNDS polygon,DESIGNATED_AREAS,NSTDB
DAFF40,FUR FARM polygon,DESIGNATED_AREAS,NSTDB
DAFH40,FISH HATCHERY polygon,DESIGNATED_AREAS,NSTDB
DAFH44,FISH HATCHERY ruin/inactive/abandoned polygon,DESIGNATED_AREAS,NSTDB
DAFT40,FERRY TERMINAL polygon,DESIGNATED_AREAS,NSTDB
DAFT44,FERRY TERMINAL ruin/inactive/abandoned polygon,DESIGNATED_AREAS,NSTDB
DAGC40,GOLF COURSE polygon,DESIGNATED_AREAS,NSTDB
DAHP41,HELIPORT paved polygon,DESIGNATED_AREAS,NSTDB
DAHP42,HELIPORT unpaved polygon,DESIGNATED_AREAS,NSTDB
DALF40,LANDFILL SITE (land reclamation) polygon,DESIGNATED_AREAS,NSTDB
DALM40,LUMBER MILL polygon,DESIGNATED_AREAS,NSTDB
DALM44,LUMBER MILL ruin/inactive/abandoned point,DESIGNATED_AREAS,NSTDB
DALO41,SCENIC LOOKOUT paved (along highways) polygon,DESIGNATED_AREAS,NSTDB
DALO42,SCENIC LOOKOUT unpaved (along highways) polygon,DESIGNATED_AREAS,NSTDB
DAMN40,MINE UNDERGROUND polygon,DESIGNATED_AREAS,NSTDB
DAMN44,MINE UNDERGROUND ruin/inactive/abandoned polygon,DESIGNATED_AREAS,NSTDB
DAMNOP40,MINE/OPEN PIT polygon,DESIGNATED_AREAS,NSTDB
DAMNOP44,MINE/OPEN PIT ruin/inactive/abandoned polygon,DESIGNATED_AREAS,NSTDB
DAMP40,MOBILE HOME PARK polygon,DESIGNATED_AREAS,NSTDB
DAOR40,OIL/PETROLIUM REFINERY polygon,DESIGNATED_AREAS,NSTDB
DAOR44,OIL/PETROLIUM REFINERY ruin/inactive/abandoned polygon,DESIGNATED_AREAS,NSTDB
DAPA41,PARKING AREA paved polygon,DESIGNATED_AREAS,NSTDB
DAPA42,PARKING AREA unpaved polygon,DESIGNATED_AREAS,NSTDB
DAPACP41,CAR POOL PARKING paved polygon,DESIGNATED_AREAS,NSTDB
DAPACP42,CAR POOL PARKING unpaved polygon,DESIGNATED_AREAS,NSTDB
DAPC40,PEAT CUTTING polygon,DESIGNATED_AREAS,NSTDB
DAPI40,PILE (industrial) polygon,DESIGNATED_AREAS,NSTDB
DAPK40,"PARK (amusement parks, municipal parks) polygon",DESIGNATED_AREAS,NSTDB
DAPKPI40,PARK PICNIC polygon,DESIGNATED_AREAS,NSTDB
DAPM40,PULPMILL polygon,DESIGNATED_AREAS,NSTDB
DAPT40,PIT polygon,DESIGNATED_AREAS,NSTDB
DAPT44,PIT ruin/inactive/abandoned polygon,DESIGNATED_AREAS,NSTDB
DAQU40,QUARRY polygon,DESIGNATED_AREAS,NSTDB
DAQU44,QUARRY ruin/inactive/abandoned polygon,DESIGNATED_AREAS,NSTDB
DARA41,REST AREA paved (along highways) polygon,DESIGNATED_AREAS,NSTDB
DARA42,REST AREA unpaved (along highways) polygon,DESIGNATED_AREAS,NSTDB
DART41,RACETRACK paved (track only) polygon,DESIGNATED_AREAS,NSTDB
DART42,RACETRACK unpaved (track only) polygon,DESIGNATED_AREAS,NSTDB
DART44,RACETRACK ruin/inactive/abandoned (track only) polygon,DESIGNATED_AREAS,NSTDB
DASA41,STORAGE AREA paved polygon,DESIGNATED_AREAS,NSTDB
DASA42,STORAGE AREA unpaved polygon,DESIGNATED_AREAS,NSTDB
DASF40,SPORTS FIELD polygon,DESIGNATED_AREAS,NSTDB
DASF44,SPORTS FIELD ruin/inactive/abandoned polygon,DESIGNATED_AREAS,NSTDB
DASK40,SKI AREA polygon,DESIGNATED_AREAS,NSTDB
DASR40,SHOOTING RANGE polygon,DESIGNATED_AREAS,NSTDB
DASV40,AUTO SALVAGE YARD polygon,DESIGNATED_AREAS,NSTDB
DASW40,SEWAGE TREATMENT PLANT polygon,DESIGNATED_AREAS,NSTDB
DAUC40,CONSTRUCTION AREA polygon,DESIGNATED_AREAS,NSTDB
DLBNCO40,BOUNDARY COUNTY polygon,DELIMETERS,NSTDB
DLBNCO50,BOUNDARY COUNTY line,DELIMETERS,NSTDB
DLBNMU40,BOUNDARY MUNICIPAL polygon,DELIMETERS,NSTDB
DLBNMU50,BOUNDARY MUNICIPAL line,DELIMETERS,NSTDB
DLBNPR40,BOUNDARY PROVINCIAL polygon,DELIMETERS,NSTDB
DLBNPR50,BOUNDARY PROVINCIAL line,DELIMETERS,NSTDB
DLGM40,GAME MANAGEMENT AREA polygon,DELIMETERS,NSTDB
DLGM50,GAME MANAGEMENT AREA line,DELIMETERS,NSTDB
DLHS40,HISTORIC SITE polygon,DELIMETERS,NSTDB
DLHS50,HISTORIC SITE line,DELIMETERS,NSTDB
DLHSNA40,HISTORIC SITE NATIONAL polygon,DELIMETERS,NSTDB
DLHSNA50,HISTORIC SITE NATIONAL line,DELIMETERS,NSTDB
DLIR40,INDIAN RESERVE polygon,DELIMETERS,NSTDB
DLIR50,INDIAN RESERVE line,DELIMETERS,NSTDB
DLMR40,MILITARY RESERVE polygon,DELIMETERS,NSTDB
DLMR50,MILITARY RESERVE line,DELIMETERS,NSTDB
DLNLIN50,NEAT LINE INSIDE line,DELIMETERS,NSTDB
DLNLML50,MAPPING LIMIT line,DELIMETERS,NSTDB
DLPA40,PROTECTED AREA polygon,DELIMETERS,NSTDB
DLPA50,PROTECTED AREA line,DELIMETERS,NSTDB
DLPKNA40,PARK NATIONAL polygon,DELIMETERS,NSTDB
DLPKNA50,PARK NATIONAL line,DELIMETERS,NSTDB
DLPKPR40,PARK PROVINCIAL polygon,DELIMETERS,NSTDB
DLPKPR50,PARK PROVINCIAL line,DELIMETERS,NSTDB
LCCL50,CUT-LINE (> 100m long & < 20m wide) line,LAND_COVER,NSTDB
LCNU40,NURSERY polygon,LAND_COVER,NSTDB
LCOR40,ORCHARD polygon,LAND_COVER,NSTDB
LCRF40,REFORESTATION (< 2m high only) polygon,LAND_COVER,NSTDB
LCTA40,TREE AREA polygon,LAND_COVER,NSTDB
LCTR50,TREE ROW (Row or band) (> 100m long & < 20m wide) line,LAND_COVER,NSTDB
LCTS60,TREE INDIVIDUAL (landmark trees only) point,LAND_COVER,NSTDB
LFBL50,BREAKLINE line,LAND_FORM,NSTDB
LFCFL0,CLIFF left (left indicating downhill) line,LAND_FORM,NSTDB
LFCFR0,CLIFF right (right indicating downhill) line,LAND_FORM,NSTDB
LFCI50,CONTOUR INDEX line,LAND_FORM,NSTDB
LFCI55,CONTOUR INDEX indefinite/approximate line,LAND_FORM,NSTDB
LFCO50,CONTOUR REGULAR line,LAND_FORM,NSTDB
LFCO55,CONTOUR REGULAR indefinite/approximate line,LAND_FORM,NSTDB
LFDCL0,CONTOUR DEPRESSION REGULAR left line,LAND_FORM,NSTDB
LFDCL5,CONTOUR DEPRESSION REGULAR left indefinite/approximate line,LAND_FORM,NSTDB
LFDCR0,CONTOUR DEPRESSION REGULAR right line,LAND_FORM,NSTDB
LFDCR5,CONTOUR DEPRESSION REGULAR right indefinite/approximate line,LAND_FORM,NSTDB
LFDIL0,CONTOUR DEPRESSION INDEX left line,LAND_FORM,NSTDB
LFDIL5,CONTOUR DEPRESSION INDEX left indefinite/approximate line,LAND_FORM,NSTDB
LFDIR0,CONTOUR DEPRESSION INDEX right line,LAND_FORM,NSTDB
LFDIR5,CONTOUR DEPRESSION INDEX right indefinite/approximate line,LAND_FORM,NSTDB
LFEM50,"EMBANKEMENT(around storage tanks, settling ponds) line",LAND_FORM,NSTDB
LFSH60,SPOT HEIGHT point,LAND_FORM,NSTDB
LFSHBR60,SPOT HEIGHT ON BRIDGE point,LAND_FORM,NSTDB
LFTM60,DTM SPOT ELEVATION point,LAND_FORM,NSTDB
LFTM65,DTM SPOT ELEVATION indefinite/approximate point,LAND_FORM,NSTDB
RDTMP,ROAD FEATURE - Attribute Placeholder - Status Unknown,ROADS_AND_RAILROADS,NSTDB
RRBL50,ROAD BREAKLINE line,ROADS_AND_RAILROADS,NSTDB
RRBMTCY1,BRIDGE - Moveable - Trans-Canada - 2 Lanes - Paved,ROADS_AND_RAILROADS,NSTDB
RRBR40,BRIDGE polygon,ROADS_AND_RAILROADS,NSTDB
RRBR43,BRIDGE under construction polygon,ROADS_AND_RAILROADS,NSTDB
RRBR44,BRIDGE ruin/inactive/abandoned polygon,ROADS_AND_RAILROADS,NSTDB
RRBRABZ2,BRIDGE - Abandoned - 1 Lane - Unpaved,ROADS_AND_RAILROADS,NSTDB
RRBRATW1,BRIDGE - Arterial - 4 Lanes - Paved,ROADS_AND_RAILROADS,NSTDB
RRBRATX1,BRIDGE - Arterial - 3 Lanes - Paved,ROADS_AND_RAILROADS,NSTDB
RRBRATY1,BRIDGE - Arterial - 2 Lanes - Paved,ROADS_AND_RAILROADS,NSTDB
RRBRATZ1,BRIDGE - Arterial - 1 Lane - Paved,ROADS_AND_RAILROADS,NSTDB
RRBRCOY1,BRIDGE - Collector - 2 Lanes - Paved,ROADS_AND_RAILROADS,NSTDB
RRBRCOZ1,BRIDGE - Collector - 1 Lane - Paved,ROADS_AND_RAILROADS,NSTDB
RRBRDR50,BRIDGE - Driveway,ROADS_AND_RAILROADS,NSTDB
RRBRHWDVW1,BRIDGE - Highway - Divided - 4 Lanes - Paved,ROADS_AND_RAILROADS,NSTDB
RRBRHWDVX1,BRIDGE - Highway - Divided - 3 Lanes - Paved,ROADS_AND_RAILROADS,NSTDB
RRBRHWDVY1,BRIDGE - Highway - Divided - 2 Lanes - Paved,ROADS_AND_RAILROADS,NSTDB
RRBRHWX1,BRIDGE - Highway - 3 Lanes - Paved,ROADS_AND_RAILROADS,NSTDB
RRBRHWY1,BRIDGE - Highway - 2 Lanes - Paved,ROADS_AND_RAILROADS,NSTDB
RRBRLADVY1,ROAD - Bridge - Local Arterial - Divided - 2 Lanes - Paved,ROADS_AND_RAILROADS,NSTDB
RRBRLAX1,ROAD - Bridge - Local Arterial - 3 Lanes - Paved,ROADS_AND_RAILROADS,NSTDB
RRBRLAY1,ROAD - Bridge - Local Arterial - 2 Lanes - Paved,ROADS_AND_RAILROADS,NSTDB
RRBRLAY2,ROAD - Bridge - Local Arterial - 2 Lanes - Unpaved,ROADS_AND_RAILROADS,NSTDB
RRBRLAZ1,ROAD - Bridge - Local Arterial - 1 Lane - Paved,ROADS_AND_RAILROADS,NSTDB
RRBRLAZ2,ROAD - Bridge - Local Arterial - 1 Lane - Unpaved,ROADS_AND_RAILROADS,NSTDB
RRBRLCDVY1,ROAD - Bridge - Local Collector - Divided - 2 Lanes - Paved,ROADS_AND_RAILROADS,NSTDB
RRBRLCW1,ROAD - Bridge - Local Collector - 4 Lanes - Paved,ROADS_AND_RAILROADS,NSTDB
RRBRLCX1,ROAD - Bridge - Local Collector - 3 Lanes - Paved,ROADS_AND_RAILROADS,NSTDB
RRBRLCY1,ROAD - Bridge - Local Collector - 2 Lanes - Paved,ROADS_AND_RAILROADS,NSTDB
RRBRLCY2,ROAD - Bridge - Local Collector - 2 Lanes - Unpaved,ROADS_AND_RAILROADS,NSTDB
RRBRLCZ1,ROAD - Bridge - Local Collector - 1 Lane - Paved,ROADS_AND_RAILROADS,NSTDB
RRBRLCZ2,ROAD - Bridge - Local Collector - 1 Lane - Unpaved,ROADS_AND_RAILROADS,NSTDB
RRBRLHDVY1,ROAD - Bridge - Local Highway - Divided - 2 Lanes - Paved,ROADS_AND_RAILROADS,NSTDB
RRBRLHW1,ROAD - Bridge - Local Highway - 4 Lanes - Paved,ROADS_AND_RAILROADS,NSTDB
RRBRLHX1,ROAD - Bridge - Local Highway - 3 Lanes - Paved,ROADS_AND_RAILROADS,NSTDB
RRBRLHY1,ROAD - Bridge - Local Highway - 2 Lanes - Paved,ROADS_AND_RAILROADS,NSTDB
RRBRLHY2,ROAD - Bridge - Local Highway - 2 Lanes - Unpaved,ROADS_AND_RAILROADS,NSTDB
RRBRLHZ1,ROAD - Bridge - Local Highway - 1 Lane - Paved,ROADS_AND_RAILROADS,NSTDB
RRBRLHZ2,ROAD - Bridge - Local Highway - 1 Lane - Unpaved,ROADS_AND_RAILROADS,NSTDB
RRBRLODVY1,BRIDGE - Local - Divided - 2 Lanes - Paved,ROADS_AND_RAILROADS,NSTDB
RRBRLODWZ2,BRIDGE - Local - Dry Weather - 1 Lane - Unpaved,ROADS_AND_RAILROADS,NSTDB
RRBRLOW1,BRIDGE - Local - 4 Lanes - Paved,ROADS_AND_RAILROADS,NSTDB
RRBRLOX1,BRIDGE - Local - 3 Lanes - Paved,ROADS_AND_RAILROADS,NSTDB
RRBRLOY1,BRIDGE - Local - 2 Lanes - Paved,ROADS_AND_RAILROADS,NSTDB
RRBRLOY2,BRIDGE - Local - 2 Lanes - Unpaved,ROADS_AND_RAILROADS,NSTDB
RRBRLOZ1,BRIDGE - Local - 1 Lane - Paved,ROADS_AND_RAILROADS,NSTDB
RRBRLOZ2,BRIDGE - Local - 1 Lane - Unpaved,ROADS_AND_RAILROADS,NSTDB
RRBRPR40,BRIDGE PIER/FOOTINGS polygon,ROADS_AND_RAILROADS,NSTDB
RRBRPR50,BRIDGE PIER/FOOTINGS line,ROADS_AND_RAILROADS,NSTDB
RRBRRADWZ2,BRIDGE - Resource Access - Dry Weather - 1 Lane - Unpaved,ROADS_AND_RAILROADS,NSTDB
RRBRRAY1,BRIDGE - Resource Access - 2 Lanes - Paved,ROADS_AND_RAILROADS,NSTDB
RRBRRAY2,BRIDGE - Resource Access - 2 Lanes - Unpaved,ROADS_AND_RAILROADS,NSTDB
RRBRRAZ2,BRIDGE - Resource Access - 1 Lane - Unpaved,ROADS_AND_RAILROADS,NSTDB
RRBRRPX1,BRIDGE - RAMP - 3 Lanes - Paved,ROADS_AND_RAILROADS,NSTDB
RRBRRPY1,BRIDGE - RAMP - 2 Lanes - Paved,ROADS_AND_RAILROADS,NSTDB
RRBRRPZ1,BRIDGE - RAMP - 1 Lane - Paved,ROADS_AND_RAILROADS,NSTDB
RRBRTCDVY1,BRIDGE - Trans-Canada - Divided - 2 Lanes - Paved,ROADS_AND_RAILROADS,NSTDB
RRBRTCY1,BRIDGE - Trans-Canada - 2 Lanes - Paved,ROADS_AND_RAILROADS,NSTDB
RRBRTK50,BRIDGE - Track,ROADS_AND_RAILROADS,NSTDB
RRBRTR50,BRIDGE - Trail,ROADS_AND_RAILROADS,NSTDB
RRCL50,CULVERT line,ROADS_AND_RAILROADS,NSTDB
RRCL60,CULVERT END (one ended culvert only) point,ROADS_AND_RAILROADS,NSTDB
RRCT40,CUTTING polygon,ROADS_AND_RAILROADS,NSTDB
RRDMLOZ2,DAM - Local - 1 Lane - Unpaved,ROADS_AND_RAILROADS,NSTDB
RRFB40,FOOT BRIDGE polygon,ROADS_AND_RAILROADS,NSTDB
RRFB43,FOOT BRIDGE under construction polygon,ROADS_AND_RAILROADS,NSTDB
RRFB44,FOOT BRIDGE ruin/inactive/abandoned polygon,ROADS_AND_RAILROADS,NSTDB
RRFB50,FOOT BRIDGE line,ROADS_AND_RAILROADS,NSTDB
RRFC50,FERRY CROSSING line,ROADS_AND_RAILROADS,NSTDB
RRFC54,FERRY CROSSING ruin/inactive/abandoned line,ROADS_AND_RAILROADS,NSTDB
RRFL40,FILL polygon,ROADS_AND_RAILROADS,NSTDB
RROP40,OVERPASS(ROAD/RAILROAD) polygon,ROADS_AND_RAILROADS,NSTDB
RROP43,ROAD/RAILWAY OVERPASS under construction polygon,ROADS_AND_RAILROADS,NSTDB
RROP44,ROAD/RAILWAY OVERPASS ruin/inactive/abandoned polygon,ROADS_AND_RAILROADS,NSTDB
RRRDABDWZ2,ROAD - Abandoned - Dry Weather - 1 Lane - Unpaved,ROADS_AND_RAILROADS,NSTDB
RRRDABLOZ2,ROAD - Abandoned - Local - 1 Lane - Unpaved,ROADS_AND_RAILROADS,NSTDB
RRRDABTK50,ROAD - Abandoned - TRACK,ROADS_AND_RAILROADS,NSTDB
RRRDABZ2,ROAD - Abandoned - 1 Lane - Unpaved,ROADS_AND_RAILROADS,NSTDB
RRRDATDVY1,ROAD - Arterial - Divided - 2 Lanes - Paved,ROADS_AND_RAILROADS,NSTDB
RRRDATW1,ROAD - Arterial - 4 Lanes - Paved,ROADS_AND_RAILROADS,NSTDB
RRRDATX1,ROAD - Arterial - 3 Lanes - Paved,ROADS_AND_RAILROADS,NSTDB
RRRDATY1,ROAD - Arterial - 2 Lanes - Paved,ROADS_AND_RAILROADS,NSTDB
RRRDATZ1,ROAD - Arterial - 1 Lane - Paved,ROADS_AND_RAILROADS,NSTDB
RRRDBPPF60,BLOCKED PASSAGE - Permanent Fixed,ROADS_AND_RAILROADS,NSTDB
RRRDBPRM60,BLOCKED PASSAGE - Removable,ROADS_AND_RAILROADS,NSTDB
RRRDBPTP60,BLOCKED PASSAGE - Temporary,ROADS_AND_RAILROADS,NSTDB
RRRDBPUN60,BLOCKED PASSAGE - Type Unknown,ROADS_AND_RAILROADS,NSTDB
RRRDCOW1,ROAD - Collector - 4 Lanes - Paved,ROADS_AND_RAILROADS,NSTDB
RRRDCOX1,ROAD - Collector - 3 Lanes - Paved,ROADS_AND_RAILROADS,NSTDB
RRRDCOY1,ROAD - Collector - 2 Lanes - Paved,ROADS_AND_RAILROADS,NSTDB
RRRDCOZ1,ROAD - Collector - 1 Lane - Paved,ROADS_AND_RAILROADS,NSTDB
RRRDDR50,DRIVEWAY,ROADS_AND_RAILROADS,NSTDB
RRRDHWDVX1,ROAD - Highway - Divided - 3 Lanes - Paved,ROADS_AND_RAILROADS,NSTDB
RRRDHWDVY1,ROAD - Highway - Divided - 2 Lanes - Paved,ROADS_AND_RAILROADS,NSTDB
RRRDHWDVZ1,ROAD - Highway - Divided - 1 Lane - Paved,ROADS_AND_RAILROADS,NSTDB
RRRDHWW1,ROAD - Highway - 4 Lanes - Paved,ROADS_AND_RAILROADS,NSTDB
RRRDHWX1,ROAD - Highway - 3 Lanes - Paved,ROADS_AND_RAILROADS,NSTDB
RRRDHWY1,ROAD - Highway - 2 Lanes - Paved,ROADS_AND_RAILROADS,NSTDB
RRRDHX,ROAD - Unknown Hrm Capture - Status Unknown,ROADS_AND_RAILROADS,NSTDB
RRRDLADVX1,ROAD - Local Arterial - Divided - 3 Lanes - Paved,ROADS_AND_RAILROADS,NSTDB
RRRDLADVY1,ROAD - Local Arterial - Divided - 2 Lanes - Paved,ROADS_AND_RAILROADS,NSTDB
RRRDLADVZ1,ROAD - Local Arterial - Divided - 1 Lane - Paved,ROADS_AND_RAILROADS,NSTDB
RRRDLAW1,ROAD - Local Arterial - 4 Lanes - Paved,ROADS_AND_RAILROADS,NSTDB
RRRDLAX1,ROAD - Local Arterial - 3 Lanes - Paved,ROADS_AND_RAILROADS,NSTDB
RRRDLAY1,ROAD - Local Arterial - 2 Lanes - Paved,ROADS_AND_RAILROADS,NSTDB
RRRDLAY2,ROAD - Local Arterial - 2 Lanes - Unpaved,ROADS_AND_RAILROADS,NSTDB
RRRDLAZ1,ROAD - Local Arterial - 1 Lane - Paved,ROADS_AND_RAILROADS,NSTDB
RRRDLAZ2,ROAD - Local Arterial - 1 Lane - Unpaved,ROADS_AND_RAILROADS,NSTDB
RRRDLCDVX1,ROAD - Local Collector - Divided - 3 Lanes - Paved,ROADS_AND_RAILROADS,NSTDB
RRRDLCDVY1,ROAD - Local Collector - Divided - 2 Lanes - Paved,ROADS_AND_RAILROADS,NSTDB
RRRDLCDVZ1,ROAD - Local Collector - Divided - 1 Lane - Paved,ROADS_AND_RAILROADS,NSTDB
RRRDLCW1,ROAD - Local Collector - 4 Lanes - Paved,ROADS_AND_RAILROADS,NSTDB
RRRDLCX1,ROAD - Local Collector - 3 Lanes - Paved,ROADS_AND_RAILROADS,NSTDB
RRRDLCY1,ROAD - Local Collector - 2 Lanes - Paved,ROADS_AND_RAILROADS,NSTDB
RRRDLCY2,ROAD - Local Collector - 2 Lanes - Unpaved,ROADS_AND_RAILROADS,NSTDB
RRRDLCZ1,ROAD - Local Collector - 1 Lane - Paved,ROADS_AND_RAILROADS,NSTDB
RRRDLCZ2,ROAD - Local Collector - 1 Lane - Unpaved,ROADS_AND_RAILROADS,NSTDB
RRRDLHDVX1,ROAD - Local Highway - Divided - 3 Lanes - Paved,ROADS_AND_RAILROADS,NSTDB
RRRDLHDVY1,ROAD - Local Highway - Divided - 2 Lanes - Paved,ROADS_AND_RAILROADS,NSTDB
RRRDLHDVZ1,ROAD - Local Highway - Divided - 1 Lane - Paved,ROADS_AND_RAILROADS,NSTDB
RRRDLHW1,ROAD - Local Highway - 4 Lanes - Paved,ROADS_AND_RAILROADS,NSTDB
RRRDLHX1,ROAD - Local Highway - 3 Lanes - Paved,ROADS_AND_RAILROADS,NSTDB
RRRDLHY1,ROAD - Local Highway - 2 Lanes - Paved,ROADS_AND_RAILROADS,NSTDB
RRRDLHY2,ROAD - Local Highway - 2 Lanes - Unpaved,ROADS_AND_RAILROADS,NSTDB
RRRDLHZ1,ROAD - Local Highway - 1 Lane - Paved,ROADS_AND_RAILROADS,NSTDB
RRRDLHZ2,ROAD - Local Highway - 1 Lane - Unpaved,ROADS_AND_RAILROADS,NSTDB
RRRDLODRZ2,ROAD - Local - Driveway - 1 Lane - Unpaved,ROADS_AND_RAILROADS,NSTDB
RRRDLODVX1,ROAD - Local - Divided - 3 Lanes - Paved,ROADS_AND_RAILROADS,NSTDB
RRRDLODVY1,ROAD - Local - Divided - 2 Lanes - Paved,ROADS_AND_RAILROADS,NSTDB
RRRDLODVZ1,ROAD - Local - Divided - 1 Lane - Paved,ROADS_AND_RAILROADS,NSTDB
RRRDLODWZ2,ROAD - Local - Dry Weather - 1 Lane - Unpaved,ROADS_AND_RAILROADS,NSTDB
RRRDLOW1,ROAD - Local - 4 Lanes - Paved,ROADS_AND_RAILROADS,NSTDB
RRRDLOX1,ROAD - Local - 3 Lanes - Paved,ROADS_AND_RAILROADS,NSTDB
RRRDLOY1,ROAD - Local - 2 Lanes - Paved,ROADS_AND_RAILROADS,NSTDB
RRRDLOY2,ROAD - Local - 2 Lanes - Unpaved,ROADS_AND_RAILROADS,NSTDB
RRRDLOZ1,ROAD - Local - 1 Lane - Paved,ROADS_AND_RAILROADS,NSTDB
RRRDLOZ2,ROAD - Local - 1 Lane - Unpaved,ROADS_AND_RAILROADS,NSTDB
RRRDMCY1,ROAD - Median Crossover - 2 Lanes - Paved,ROADS_AND_RAILROADS,NSTDB
RRRDMCY2,ROAD - Median Crossover - 2 Lanes - Unpaved,ROADS_AND_RAILROADS,NSTDB
RRRDMCZ1,ROAD - Median Crossover - 1 Lane - Paved,ROADS_AND_RAILROADS,NSTDB
RRRDMCZ2,ROAD - Median Crossover - 1 Lane - Unpaved,ROADS_AND_RAILROADS,NSTDB
RRRDRADWY2,ROAD - Resource Access - Dry Weather - 2 Lanes - Unpaved,ROADS_AND_RAILROADS,NSTDB
RRRDRADWZ2,ROAD - Resource Access - Dry Weather - 1 Lane - Unpaved,ROADS_AND_RAILROADS,NSTDB
RRRDRAY1,ROAD - Resource Access - 2 Lanes - Paved,ROADS_AND_RAILROADS,NSTDB
RRRDRAY2,ROAD - Resource Access - 2 Lanes - Unpaved,ROADS_AND_RAILROADS,NSTDB
RRRDRAZ1,ROAD - Resource Access -1 Lane - Paved,ROADS_AND_RAILROADS,NSTDB
RRRDRAZ2,ROAD - Resource Access - 1 Lane - Unpaved,ROADS_AND_RAILROADS,NSTDB
RRRDRPX1,RAMP - 3 Lanes - Paved,ROADS_AND_RAILROADS,NSTDB
RRRDRPY1,RAMP - 2 Lanes - Paved,ROADS_AND_RAILROADS,NSTDB
RRRDRPY2,RAMP - 2 Lanes - Unpaved,ROADS_AND_RAILROADS,NSTDB
RRRDRPZ1,RAMP - 1 Lane - Paved,ROADS_AND_RAILROADS,NSTDB
RRRDRPZ2,RAMP - 1 Lane - Unpaved,ROADS_AND_RAILROADS,NSTDB
RRRDSLY1,SERVICE LANE - 2 Lanes - Paved,ROADS_AND_RAILROADS,NSTDB
RRRDSLZ1,SERVICE LANE - 1 Lane - Paved,ROADS_AND_RAILROADS,NSTDB
RRRDSLZ2,SERVICE LANE - 1 Lane - Unpaved,ROADS_AND_RAILROADS,NSTDB
RRRDTCDVY1,ROAD - Trans-Canada - Divided - 2 Lanes - Paved,ROADS_AND_RAILROADS,NSTDB
RRRDTCX1,ROAD - Trans-Canada - 3 Lanes - Paved,ROADS_AND_RAILROADS,NSTDB
RRRDTCY1,ROAD - Trans-Canada - 2 Lanes - Paved,ROADS_AND_RAILROADS,NSTDB
RRRDTCZ1,ROAD - Trans-Canada - 1 Lane - Paved,ROADS_AND_RAILROADS,NSTDB
RRRDTK50,TRACK,ROADS_AND_RAILROADS,NSTDB
RRRDTK55,TRACK - Indefinite/Approximate,ROADS_AND_RAILROADS,NSTDB
RRRDTKAD50,TRACK - Addressed Feature - No Vehicular Traffic,ROADS_AND_RAILROADS,NSTDB
RRRDTKAD55,TRACK - Addressed Feature - Indefinite/Approximate - No Vehicular Traffic,ROADS_AND_RAILROADS,NSTDB
RRRDTR50,TRAIL  - No Vehicular Traffic - No Vehicular Traffic,ROADS_AND_RAILROADS,NSTDB
RRRDTR55,TRAIL -  Indefinite/Approximate - No Vehicular Traffic,ROADS_AND_RAILROADS,NSTDB
RRRDTRAD50,TRAIL - Addressed Feature - No Vehicular Traffic,ROADS_AND_RAILROADS,NSTDB
RRRDTRAD55,TRAIL - Addressed Feature - Indefinite/Approximate  - No Vehicular Traffic,ROADS_AND_RAILROADS,NSTDB
RRRDWA,WATER ACCESS,ROADS_AND_RAILROADS,NSTDB
RRRDWKAD,WALK - Urban Addressed Feature - No Vehicular Traffic,ROADS_AND_RAILROADS,NSTDB
RRRR50,RAILROAD line,ROADS_AND_RAILROADS,NSTDB
RRRR53,RAILROAD under construction,ROADS_AND_RAILROADS,NSTDB
RRRR54,RAILROAD ruin/inactive/abandoned,ROADS_AND_RAILROADS,NSTDB
RRRR57,RAILROAD overhead,ROADS_AND_RAILROADS,NSTDB
RRRRTT60,RAILROAD TURNTABLE point,ROADS_AND_RAILROADS,NSTDB
RRTG60,TOLLGATE point,ROADS_AND_RAILROADS,NSTDB
RRTU50,TUNNEL line,ROADS_AND_RAILROADS,NSTDB
RRTU54,TUNNEL ruin/inactive/abandoned line,ROADS_AND_RAILROADS,NSTDB
RRTU55,TUNNEL indefinite/approximate line,ROADS_AND_RAILROADS,NSTDB
RRTULOY1,TUNNEL - Local - 2 Lanes - Paved,ROADS_AND_RAILROADS,NSTDB
RRTULOZ1,TUNNEL - Local - 1 Lane - Paved,ROADS_AND_RAILROADS,NSTDB
RRTULOZ2,TUNNEL - Local - 1 Lane - Unpaved,ROADS_AND_RAILROADS,NSTDB
RRTURADWZ2,TUNNEL -Resource Access - Dry Weather - Unpaved,ROADS_AND_RAILROADS,NSTDB
RRTUTK50,TUNNEL - Track,ROADS_AND_RAILROADS,NSTDB
STAC50,CABLE line,STRUCTURES,NSTDB
STBP60,BOOM PIER point,STRUCTURES,NSTDB
STCD40,COMMUNICATIONS DOME polygon,STRUCTURES,NSTDB
STCD43,COMMUNICATIONS DOME under construction polygon,STRUCTURES,NSTDB
STCD44,COMMUNICATIONS DOME ruin/inactive/abandoned polygon,STRUCTURES,NSTDB
STCH40,CHIMNEY polygon,STRUCTURES,NSTDB
STCH60,CHIMNEY point,STRUCTURES,NSTDB
STCV50,CONVEYOR line,STRUCTURES,NSTDB
STDD40,DRY DOCK polygon,STRUCTURES,NSTDB
STFE50,"FENCE (minimum 200m long, land mark features only, not agricultural fences) line",STRUCTURES,NSTDB
STGS40,GRANDSTAND polygon,STRUCTURES,NSTDB
STGS43,GRANDSTAND under construction polygon,STRUCTURES,NSTDB
STGS44,GRANDSTAND ruin/inactive/abandoned polygon,STRUCTURES,NSTDB
STGT50,GATE (non-NSRN gates along fences or other linear features) line,STRUCTURES,NSTDB
STGT60,GATE (non-NSRN gates) point,STRUCTURES,NSTDB
STGT65,GATE indefinite/approximate,STRUCTURES,NSTDB
STIN40,INCINERATOR polygon,STRUCTURES,NSTDB
STIN60,INCINERATOR point,STRUCTURES,NSTDB
STKL60,KILN point,STRUCTURES,NSTDB
STLH60,LIGHTHOUSE point,STRUCTURES,NSTDB
STLK50,LOCK GATE line,STRUCTURES,NSTDB
STLK54,LOCK GATE ruin/inactive/abandoned line,STRUCTURES,NSTDB
STPO40,POOL (large public only) polygon,STRUCTURES,NSTDB
STRE40,REFINERY/PROCESSING STRUCTURE polygon,STRUCTURES,NSTDB
STRE44,REFINERY/PROCESSING STRUCTURE ruin/inactive/abandoned polygon,STRUCTURES,NSTDB
STRI40,RINK OUTDOOR polygon,STRUCTURES,NSTDB
STRP40,RAMP polygon,STRUCTURES,NSTDB
STRP43,RAMP under construction polygon,STRUCTURES,NSTDB
STRP47,RAMP overhead polygon,STRUCTURES,NSTDB
STRW50,RETAINING WALL (minimum 200m long) line,STRUCTURES,NSTDB
STSL50,SKI LIFT (shown as single line) line,STRUCTURES,NSTDB
STSO60,SILO (includes granariums) point,STRUCTURES,NSTDB
STSP40,SLIPWAY polygon,STRUCTURES,NSTDB
STSP44,SLIPWAY ruin/inactive/abandoned polygon,STRUCTURES,NSTDB
STWH40,WHARF polygon,STRUCTURES,NSTDB
STWH43,WHARF under construction polygon,STRUCTURES,NSTDB
STWH44,WHARF ruin/inactive/abandoned polygon,STRUCTURES,NSTDB
STWH50,WHARF line,STRUCTURES,NSTDB
STWH53,WHARF line under construction,STRUCTURES,NSTDB
STWH54,WHARF ruin/inactive/abandoned line,STRUCTURES,NSTDB
STWL50,WALL (minimum 200m long) line,STRUCTURES,NSTDB
STWM60,WINDMILL point,STRUCTURES,NSTDB
STWS40,WEIGH SCALE (highway scales only) polygon,STRUCTURES,NSTDB
STWS44,WEIGH SCALE (highway scales only) ruin/inactive/abandoned polygon,STRUCTURES,NSTDB
STWS60,WEIGH SCALE (highway scales only) point,STRUCTURES,NSTDB
UTPI50,PIPELINE (cross country) line,UTILITIES,NSTDB
UTPI53,PIPELINE (cross country) under construction line,UTILITIES,NSTDB
UTPI54,PIPELINE (cross country) ruin/inactive/abandoned line,UTILITIES,NSTDB
UTPI56,PIPELINE (cross country) underground line,UTILITIES,NSTDB
UTPI57,PIPELINE (cross country) overhead line,UTILITIES,NSTDB
UTSP40,SEWAGE SETTLING POND  (over 15m diameter) polygon,UTILITIES,NSTDB
UTSP60,SEWAGE SETTLING POND  (6-15m diameter) point,UTILITIES,NSTDB
UTSS40,SUBSTATION (transformer) polygon,UTILITIES,NSTDB
UTSS60,SUBSTATION (transformer) point,UTILITIES,NSTDB
UTTK40,TANK (over 15m diameter) polygon,UTILITIES,NSTDB
UTTK60,TANK (6-15m diameter) point,UTILITIES,NSTDB
UTTK65,TANK indefinite/approximate,UTILITIES,NSTDB
UTTO60,TOWER (all except transmission line towers) point,UTILITIES,NSTDB
UTTO65,TOWER (all except transmission line towers) indefinite/approximate,UTILITIES,NSTDB
UTTR50,TRANSMISSION LINE (electrical) line,UTILITIES,NSTDB
UTTR56,TRANSMISSION LINE (electrical) underground line,UTILITIES,NSTDB
WABA30,Water Basin Working Unit Centroid,WATER,NSHN_Only
WABA40,Water Basin Working Unit Area polygon,WATER,NSHN_Only
WABA50,Water Basin Working Unit Land Boundary line,WATER,NSHN_Only
WABAF0,Water Basin Working Unit Coastal Boundary line,WATER,NSHN_Only
WABD50,Beaver Dam line,WATER,NSTDB_and_NSHN
WABW40,Breakwater polygon,WATER,NSTDB_and_NSHN
WABW43,Breakwater Under Construction polygon,WATER,NSTDB_and_NSHN
WABW50,Breakwater line,WATER,NSTDB_and_NSHN
WABW53,Breakwater - Under Construction line,WATER,NSTDB_and_NSHN
WACA10,Canal - Water to the left line,WATER,NSTDB_and_NSHN
WACA14,Canal Ruin/Inactive/Abandoned - Water to the left line,WATER,NSTDB_and_NSHN
WACA15,Canal Indefinite - Water to the left line,WATER,NSTDB_and_NSHN
WACA20,Canal - Water to the right line,WATER,NSTDB_and_NSHN
WACA24,Canal Ruin/Inactive/Abandoned - Water to the right line,WATER,NSTDB_and_NSHN
WACA25,Canal Indefinite - Water to the right line,WATER,NSTDB_and_NSHN
WACA40,Canal Water polygon,WATER,NSTDB_and_NSHN
WACA44,Canal Water polygon - Ruin/Inactive/Abandoned,WATER,NSTDB_and_NSHN
WACA50,Canal - Single Line,WATER,NSTDB_and_NSHN
WACA54,Canal - Ruin/Inactive/Abandoned line,WATER,NSTDB_and_NSHN
WACA59,Canal Spine,WATER,NSHN_Only
WACAIS10,Canal Island - Island to the left line,WATER,NSTDB_and_NSHN
WACAIS14,Canal Island Ruin/Inactive/Abandoned - Island to the left line,WATER,NSTDB_and_NSHN
WACAIS15,Canal Island Indefinite - Island to the left line,WATER,NSTDB_and_NSHN
WACAISN0,Canal Island - Virtual Neatline,WATER,NSHN_Only
WACAISN4,Canal Island - Virtual Neatline Ruin/Inactive/Abandoned,WATER,NSHN_Only
WACAISN5,Canal Island - Virtual Neatline Indefinite,WATER,NSHN_Only
WACAN0,Canal - Virtual Neatline,WATER,NSHN_Only
WACAN4,Canal - Virtual Neatline Ruin/Inactive/Abandoned,WATER,NSHN_Only
WACAN5,Canal - Virtual Neatline Indefinite,WATER,NSHN_Only
WACB40,Cranberry Bog polygon,WATER,NSTDB_and_NSHN
WACD60,Water Polygon Centroid point,WATER,NSTDB_and_NSHN
WACO20,Coast - Water to the right line,WATER,NSTDB_and_NSHN
WACO25,Coastline Indefinite - Water to the right line,WATER,NSTDB_and_NSHN
WACO40,Coast Water Area polygon,WATER,NSTDB_and_NSHN
WACOF0,Coastline Delimiter line,WATER,NSHN_Only
WACOIS10,Coastal Island - Water to the right line,WATER,NSTDB_and_NSHN
WACOIS15,Coastal Island Indefinite - Water to the right line,WATER,NSTDB_and_NSHN
WACOIS40,Coastal Island Area (Land) Polygon,LAND,NSHN_Only
WACOISN0,Coastal Island - Virtual Neatline,WATER,NSHN_Only
WACOISN5,Coastal Island - Virtual Neatline Indefinite,WATER,NSHN_Only
WACON0,Coastline - Virtual Neatline,WATER,NSHN_Only
WACON5,Coastline - Virtual Neatline Indefinite,WATER,NSHN_Only
WACORV20,Coast River - Water to the right line,WATER,NSTDB_and_NSHN
WACORV25,Coast River Indefinite - Water to the right line,WATER,NSTDB_and_NSHN
WACORV40,Coast River Water polygon,WATER,NSTDB_and_NSHN
WACORV59,Coast River Spine,WATER,NSHN_Only
WACORVF0,Coast River - Delimiter line,WATER,NSHN_Only
WACORVIS10,Coast River Island - Island to the left line,WATER,NSTDB_and_NSHN
WACORVIS15,Coast River Island Indefinite - Island to the left line,WATER,NSTDB_and_NSHN
WACORVIS40,Coastal River Island (Land) Polygon,LAND,NSHN_Only
WACORVISN0,Coast River Island - Virtual Neatline,WATER,NSHN_Only
WACORVISN5,Coast River Island - Virtual Neatline Indefinite,WATER,NSHN_Only
WACORVN0,Coast River - Virtual Neatline,WATER,NSHN_Only
WACORVN5,Coast River - Virtual Neatline Indefinite,WATER,NSHN_Only
WADD40,Dry Dock polygon,WATER,NSTDB_and_NSHN
WADI50,Ditch - Single Line,WATER,NSTDB_and_NSHN
WADI55,Ditch - Single Line Indefinite,WATER,NSTDB_and_NSHN
WADI56,Ditch - Single Line Underground,WATER,NSTDB_and_NSHN
WADIN0,Ditch - Virtual Neatline,WATER,NSHN_Only
WADIN5,Ditch - Virtual Neatline Indefinite,WATER,NSHN_Only
WADM40,Dam polygon,WATER,NSTDB_and_NSHN
WADM43,Dam polygon - Under Construction polygon,WATER,NSTDB_and_NSHN
WADM44,Dam - Ruin/Inactive/Abandoned polygon,WATER,NSTDB_and_NSHN
WADM50,Dam - Single Line,WATER,NSTDB_and_NSHN
WADM53,Dam - Single Line Under Construction,WATER,NSTDB_and_NSHN
WADM54,Dam - Single Line Ruin/Inactive/Abandoned,WATER,NSTDB_and_NSHN
WADM59,Dam Spine,WATER,NSHN_Only
WADM60,Dams -  On a single line river point,WATER,NSTDB_and_NSHN
WADYL0,Dyke - Inland to left line,WATER,NSTDB_and_NSHN
WADYN0,Dyke - Virtual Neatline,WATER,NSHN_Only
WADYR0,Dyke - Inland to right line,WATER,NSTDB_and_NSHN
WAFA60,Falls -  On a single line river point,WATER,NSTDB_and_NSHN
WAFAL0,Falls - to the left line,WATER,NSTDB_and_NSHN
WAFAR0,Falls - to the right line,WATER,NSTDB_and_NSHN
WAFI10,Fish Ladder - Water to the left line,WATER,NSTDB_and_NSHN
WAFI15,Fish Ladder Indefinite - Water to the left line,WATER,NSTDB_and_NSHN
WAFI20,Fish Ladder - Water to the right line,WATER,NSTDB_and_NSHN
WAFI25,Fish Ladder Indefinite - Water to the right line,WATER,NSTDB_and_NSHN
WAFI40,Fish Ladder Water polygon,WATER,NSTDB_and_NSHN
WAFI50,Fish Ladder - Single Line,WATER,NSTDB_and_NSHN
WAFI53,Fish Ladder - Single Line Under Construction,WATER,NSTDB_and_NSHN
WAFI54,Fish Ladder - Single Line Ruin / Inactive / Abandoned,WATER,NSTDB_and_NSHN
WAFI55,Fish Ladder - Single Line Indefinite,WATER,NSTDB_and_NSHN
WAFI59,Fish Ladder - Spine,WATER,NSHN_Only
WAFU10,Flume - Water to the left line,WATER,NSTDB_and_NSHN
WAFU15,Flume Indefinite - Water to the left line,WATER,NSTDB_and_NSHN
WAFU20,Flume - Water to the right line,WATER,NSTDB_and_NSHN
WAFU25,Flume Indefinite - Water to the right line,WATER,NSTDB_and_NSHN
WAFU40,Flume Water polygon,WATER,NSTDB_and_NSHN
WAFU50,Flume - Single Line,WATER,NSTDB_and_NSHN
WAFU55,Flume - Single Line Indefinite,WATER,NSTDB_and_NSHN
WAFU59,Flume Spine,WATER,NSHN_Only
WAFUIS10,Flume Island - Island to the left line,WATER,NSTDB_and_NSHN
WAFUIS15,Flume Island Indefinite - Island to the left line,WATER,NSTDB_and_NSHN
WAFUISN0,Flume Island - Virtual Neatline,WATER,NSHN_Only
WAFUISN5,Flume Island - Virtual Neatline Indefinite,WATER,NSHN_Only
WAFUN0,Flume - Virtual Neatline,WATER,NSHN_Only
WAFUN5,Flume - Virtual Neatline Indefinite,WATER,NSHN_Only
WAJCBK60,Bank Junction - Start and end of network connected to bank feature (only used where WA*59 intersects isolated bank features such as WALK20 & WARS20) point,WATER,NSHN_Only
WAJCDS60,Disappearing Stream Junction - location of termination of streams more than 100m away from other features point,WATER,NSHN_Only
WAJCER60,Error Junction - location of identified QC issues to be investigated point,WATER,NSHN_Only
WAJCIS60,Island Junction - location where closed island segment begins and terminates at the same point point,WATER,NSHN_Only
WAJCMW60,Mean Water Junction - location where mean high water level changes along the coastline (WACO meets WACO) point,WATER,NSHN_Only
WAJCNF60,Network Flow Junction - intersection of network linear flow (skeleton / spine) with a delimiter point,WATER,NSHN_Only
WAJCPV60,""Provincial Limit Junction - intersection of Provincial Limit with hydro feature (WARV*50etc.) point"",WATER,NSHN_Only
WAJCRV60,"River Junction - intersection of 3 or more WARV5*, WARVSP5* or WADI5*",WATER,NSHN_Only
WAJCSK60,Skeleton Junction - intersection of 3 or more skeleton / spine linear elements point,WATER,NSHN_Only
WAJCSL60,Shoreline Junction - intersection of network linear flow feature and shoreline elements point,WATER,NSHN_Only
WAJCSR60,Source Junction - location of the start or origin of a network linear flow point,WATER,NSHN_Only
WAJCWB60,Water Boundary Junction - location where delimiter and water boundary entities intersect point,WATER,NSHN_Only
WALA40,General Land Area (Land) Polygon (Default),LAND,NSHN_Only
WALG50,Lock Gate - Single Line,WATER,NSTDB_and_NSHN
WALG54,Lock Gate - Single Line Ruin/Inactive/ Abandoned,WATER,NSTDB_and_NSHN
WALK20,Lake - Water to the right line,WATER,NSTDB_and_NSHN
WALK25,Lake Indefinite - Water to the right line,WATER,NSTDB_and_NSHN
WALK40,Lake Water polygon,WATER,NSTDB_and_NSHN
WALK59,Lake Spine,WATER,NSHN_Only
WALKF0,Lake - Delimiter line,WATER,NSHN_Only
WALKIS10,Lake Island - Island to the leftline,WATER,NSTDB_and_NSHN
WALKIS15,Lake Island Indefinite - Island to the left line,WATER,NSTDB_and_NSHN
WALKIS40,Lake Island Area (Land) Polygon,LAND,NSHN_Only
WALKISN0,Lake Island - Virtual Neatline,WATER,NSHN_Only
WALKISN5,Lake Island - Virtual Neatline Indefinite,WATER,NSHN_Only
WALKN0,Lake - Virtual Neatline,WATER,NSHN_Only
WALKN5,Lake - Virtual Neatline Indefinite,WATER,NSHN_Only
WALKN9,Lake Spine Virtual Neatline,WATER,NSHN_Only
WALP40,Lobster Pound polygon,WATER,NSTDB_and_NSHN
WAPS50,Pen Stock - Enclosed Pipe To Deliver Water To Hydraulic Turbine and Sewerage Systems line,WATER,NSTDB_and_NSHN
WAPS56,Pen Stock - Enclosed Underground Pipe To Deliver Water To Hydraulic Turbine and Sewerage Systems line,WATER,NSTDB_and_NSHN
WARA40,Rapids polygon,WATER,NSTDB_and_NSHN
WARA50,Rapids - Single Line,WATER,NSTDB_and_NSHN
WARA60,Rapids - On a single line river (< 10m length),WATER,NSTDB_and_NSHN
WARK60,Rocks in water point,WATER,NSTDB_and_NSHN
WARS20,Reservoir - Water to the right line,WATER,NSTDB_and_NSHN
WARS25,Reservoir Indefinite - Water to the right line,WATER,NSTDB_and_NSHN
WARS26,Reservoir Underground - Water to the right line,WATER,NSTDB_and_NSHN
WARS40,Reservoir Water polygon,WATER,NSTDB_and_NSHN
WARS46,Reservoir Water Underground polygon,WATER,NSTDB_and_NSHN
WARS59,Reservoir Spine,WATER,NSHN_Only
WARSF0,Reservoir - Delimiter line,WATER,NSHN_Only
WARSIS10,Reservoir Island - Island to the left line,WATER,NSTDB_and_NSHN
WARSIS15,Reservoir Island Indefinite - Island to the left line,WATER,NSTDB_and_NSHN
WARSIS16,Reservoir Island Underground - Island to the left line,WATER,NSTDB_and_NSHN
WARSIS40,Reservoir Island Area (Land) Polygon,LAND,NSHN_Only
WARSISN0,Reservoir Island - Virtual Neatline,WATER,NSHN_Only
WARSISN5,Reservoir Island - Virtual Neatline Indefinite,WATER,NSHN_Only
WARSISN6,Reservoir Island - Virtual Neatline Underground,WATER,NSHN_Only
WARSN0,Reservoir - Virtual Neatline,WATER,NSHN_Only
WARSN5,Reservoir - Virtual Neatline Indefinite,WATER,NSHN_Only
WARSN6,Reservoir - Virtual Neatline Underground,WATER,NSHN_Only
WARV10,Double Line River - Water to the left line,WATER,NSTDB_and_NSHN
WARV15,Double Line River Indefinite - Water to the left line,WATER,NSTDB_and_NSHN
WARV20,Double Line River - Water to the right line,WATER,NSTDB_and_NSHN
WARV25,Double Line River Indefinite - Water to the right line,WATER,NSTDB_and_NSHN
WARV40,River Water Area polygon,WATER,NSTDB_and_NSHN
WARV45,River Water Area Indefinite polygon,WATER,NSTDB_and_NSHN
WARV50,River - Single Line,WATER,NSTDB_and_NSHN
WARV55,River - Single Line Indefinite,WATER,NSTDB_and_NSHN
WARV56,River - Underground line,WATER,NSTDB_and_NSHN
WARV59,River Spine,WATER,NSHN_Only
WARVF0,Double Line River - Delimiter line,WATER,NSHN_Only
WARVIS10,River Island - Island to the left line,WATER,NSTDB_and_NSHN
WARVIS15,River Island Indefinite - Island to the left line,WATER,NSTDB_and_NSHN
WARVIS40,River Island Area (Land) Polygon,LAND,NSHN_Only
WARVISN0,Double Line River Island - Virtual Neatline,WATER,NSHN_Only
WARVISN5,Double Line River Island - Virtual Neatline Indefinite,WATER,NSHN_Only
WARVLK20,River Lake - Water to the right line,WATER,NSTDB_and_NSHN
WARVLK25,River Lake Indefinite - Water to the right line,WATER,NSTDB_and_NSHN
WARVLK40,River Lake Water polygon,WATER,NSTDB_and_NSHN
WARVLK59,River Lake Spine,WATER,NSHN_Only
WARVLKF0,River Lake - Delimiter line,WATER,NSHN_Only
WARVLKIS10,River Lake Island - Island to the left line,WATER,NSTDB_and_NSHN
WARVLKIS15,River Lake Island Indefinite - Island to the left line,WATER,NSTDB_and_NSHN
WARVLKIS40,River Lake Island Area (Land) Polygon,LAND,NSHN_Only
WARVLKISN0,River Lake Island - Virtual Neatline,WATER,NSHN_Only
WARVLKISN5,River Lake Island - Virtual Neatline Indefinite,WATER,NSHN_Only
WARVLKN0,River Lake - Virtual Neatline,WATER,NSHN_Only
WARVLKN5,River Lake - Virtual Neatline Indefinite,WATER,NSHN_Only
WARVN0,River - Virtual Neatline,WATER,NSHN_Only
WARVN5,River - Virtual Neatline Indefinite,WATER,NSHN_Only
WARVSP50,River Split - Single Line,WATER,NSTDB_and_NSHN
WARVSP55,River Split - Single Line Indefinite,WATER,NSTDB_and_NSHN
WARVSPN0,River Split - Virtual Neatline,WATER,NSHN_Only
WARVSPN5,River Split - Virtual Neatline Indefinite,WATER,NSHN_Only
WASP40,Slipway polygon,WATER,NSTDB_and_NSHN
WASP44,Slipway Ruin/Inactive/Abandoned line,WATER,NSTDB_and_NSHN
WASU50,Sluice - Water Channel Controlled By Sluice Gate line,WATER,NSTDB_and_NSHN
WASU56,Sluice - Water Channel Underground Controlled By Sluice Gate line,WATER,NSTDB_and_NSHN
WASW40,Swamp Area polygon,WATER,NSTDB_and_NSHN
WATO40,Toponymic Object polygon,WATER,NSHN_Only
WATOF0,Toponymic Object Virtual Delimiter Line,WATER,NSHN_Only
WAWH40,Wharf polygon,WATER,NSTDB_and_NSHN
WAWH43,Wharf - Under Construction polygon,WATER,NSTDB_and_NSHN
WAWH44,Wharf - Ruin/Inactive/Abandoned polygon,WATER,NSTDB_and_NSHN
WAWH50,Wharf - Single Line,WATER,NSTDB_and_NSHN
WAWH53,Wharf - Single Line Under Construction,WATER,NSTDB_and_NSHN
WAWH54,Wharf - Single Line Ruin/Inactive/Abandoned,WATER,NSTDB_and_NSHN
