CGNDB_ID,GEOGRAPHICAL_NAME,CONCISE_CODE,LATITUDE,LONGITUDE
JCBMZ,100 Mile House,MUN1,51.6427780,-121.2955560
JABNO,Abbotsford,CITY,49.0522220,-122.3291670
EFGJT,Abercorn,TOWN,45.0333334,-72.6666667
HABKQ,Aberdeen,TOWN,52.3255360,-106.2915110
EKTXA,Abitibi,MUN1,48.5666666,-78.0000000
EKTWZ,Abitibi-Ouest,MUN1,48.7500000,-79.1666667
ENODS,Abitibi-Témiscamingue,MUN1,48.1000000,-77.7833330
EKTWY,Acton,MUN1,45.6500000,-72.5666666
EKVLQ,Acton Vale,CITY,45.6500000,-72.5666666
ABZJA,Admirals Beach,TOWN,47.0171497,-53.5989861
ERCBN,Ahuntsic-Cartierville,TOWN,45.5500000,-73.6666670
IAQFR,Airdrie,CITY,51.2922222,-114.0141667
FACAG,Ajax,TOWN,43.8582100,-79.0363500
HAPNP,Alameda,TOWN,49.2681464,-102.2870583
BADOW,Alberton,TOWN,46.8128040,-64.0652970
HABLS,Allan,TOWN,51.8958806,-106.0603667
EFHQD,Alma,CITY,48.5500000,-71.6500000
GAAPV,Altona,TOWN,49.1047220,-97.5588890
CAAOO,Amherst,TOWN,45.8333920,-64.2129680
FEVJQ,Amherstburg,TOWN,42.1172222,-83.0441666
EFHXK,Amos,CITY,48.5666666,-78.1166667
EFHXY,Amqui,CITY,48.4666667,-67.4333333
AAADK,Anchor Point,TOWN,51.2389361,-56.7885527
ERCAA,Anjou,TOWN,45.6055556,-73.5541667
CBUCB,Annapolis,MUN1,44.5834100,-65.1660700
CAASF,Annapolis Royal,TOWN,44.7437290,-65.5189070
CBUCC,Antigonish,MUN1,45.6667400,-61.9159550
EKTWX,Antoine-Labelle,MUN1,46.8833333,-75.3333333
ABEWP,Appleton,TOWN,48.9817361,-54.8572361
AAAFY,Aquaforte,TOWN,47.0080555,-52.9563889
HAQMG,Arborfield,TOWN,53.1056694,-103.6607417
GAAYG,Arborg,TOWN,50.9072220,-97.2169440
HABTN,Arcola,TOWN,49.6354522,-102.4919222
EKTWW,Argenteuil,MUN1,45.6833334,-74.4166667
CBUCN,Argyle,MUN1,43.9334090,-65.7660900
JAQIY,Armstrong,CITY,50.4483330,-119.1966670
ABFBL,Arnold's Cove,TOWN,47.7689194,-53.9917694
FADTN,Arnprior,TOWN,45.4347223,-76.3580556
EKTWV,Arthabaska,MUN1,45.9166667,-72.0833333
HAMLA,Asquith,TOWN,52.1347731,-107.2266111
HAOOY,Assiniboia,TOWN,49.6291139,-105.9886333
IARFF,Athabasca,TOWN,54.7166666,-113.2841667
FDJFO,Aurora,TOWN,43.9976300,-79.4698800
EKTWU,Avignon,MUN1,48.1000000,-66.8500000
ABFBK,Avondale,TOWN,47.3991028,-53.2264333
EKVMH,Ayer's Cliff,TOWN,45.1666666,-72.0500000
FAEIY,Aylmer,TOWN,42.7825700,-80.9826100
AAAMM,Badger,TOWN,48.9788806,-56.0416916
ABAUI,Baie Verte,TOWN,49.9087083,-56.1946584
EFKHC,Baie-Comeau,CITY,49.2166666,-68.1500000
ESADS,Baie-D'Urfé,CITY,45.4084050,-73.9153770
EQFYM,Baie-Saint-Paul,CITY,47.4406490,-70.5094610
EFKJV,Baie-Trinité,TOWN,49.4166666,-67.3000000
ABFBG,Baine Harbour,TOWN,47.3659444,-54.8972055
HACOG,Balcarres,TOWN,50.8049556,-103.5442500
HACOO,Balgonie,TOWN,50.4914583,-104.2629111
FEVJP,Bancroft,TOWN,45.0550000,-77.7577778
IACYE,Banff,TOWN,51.1777778,-115.5736111
EFKXD,Barkmere,CITY,46.0025690,-74.5732460
IADKX,Barrhead,TOWN,54.1216667,-114.4036111
FAFFD,Barrie,CITY,44.3712400,-79.6769700
JDIBE,Barriere,MUN1,51.1797220,-120.1236110
CBUCO,Barrington,MUN1,43.6834120,-65.5494160
ENODV,Bas-Saint-Laurent,MUN1,48.3333333,-68.6666667
IADLO,Bashaw,TOWN,52.5830555,-112.9702778
IADLQ,Bassano,TOWN,50.7875000,-112.4683333
DAFQX,Bathurst,CITY,47.6261110,-65.6283330
HACRM,Battleford,TOWN,52.7384556,-108.3152528
AAAYB,Bauline,TOWN,47.7008305,-52.8195695
AAAYG,Bay Bulls,TOWN,47.3261583,-52.7938750
ABFBQ,Bay L'Argent,TOWN,47.5426640,-54.8860610
ABAUE,Bay Roberts,TOWN,47.5827278,-53.2932639
ABAUF,Bay de Verde,TOWN,48.1011611,-52.8895167
ABSWP,Baytona,TOWN,49.3305861,-54.7841194
ABEXU,Beachside,TOWN,49.6428889,-55.8991139
ESAEX,Beaconsfield,CITY,45.4241600,-73.8663910
DBEFI,Beaubassin East,MUN1,46.1735000,-64.3113000
DBESR,Beaubassin-Est,MUN1,46.1735000,-64.3113000
ESNRR,Beauce-Centre,MUN1,46.2000000,-70.8166670
EKTWT,Beauce-Sartigan,MUN1,45.9666667,-70.6500000
EQNHB,Beauceville,CITY,46.2146550,-70.7759430
EKMWX,Beauharnois,CITY,45.3132160,-73.8779520
EKTWS,Beauharnois-Salaberry,MUN1,45.3166667,-73.9333333
IADZF,Beaumont,CITY,53.3525000,-113.4152778
ERGOX,Beauport,TOWN,46.8666670,-71.1833330
EFLYD,Beaupré,CITY,47.0500000,-70.9000000
GABYK,Beausejour,TOWN,50.0622220,-96.5161110
IATWR,Beaver County,MUN1,53.2497222,-112.1850000
IAEAU,Beaverlodge,TOWN,55.2091667,-119.4288889
EFMFP,Bedford,CITY,45.1166667,-72.9833333
ABFBY,Bellburns,TOWN,50.3279667,-57.5284278
EKTWQ,Bellechasse,MUN1,46.7333334,-70.7166667
ABAUM,Belleoram,TOWN,47.5247330,-55.4160940
EFMPR,Belleterre,CITY,47.3833334,-78.7000000
FEVJS,Belleville,CITY,44.2566666,-77.3697222
EFMRW,Beloeil,CITY,45.5666670,-73.2000000
HAKAN,Bengough,TOWN,49.3963611,-105.1283028
DAHAY,Beresford,TOWN,47.7110110,-65.7059580
EFNEP,Berthierville,CITY,46.0833334,-73.1833333
CACVC,Berwick,TOWN,45.0457430,-64.7360950
HAUQL,Bienfait,TOWN,49.1391556,-102.8014869
HADYJ,Big River,TOWN,53.8350981,-107.0330556
HATVI,Biggar,TOWN,52.0634611,-107.9790750
HAUTS,Birch Hills,TOWN,52.9840353,-105.4325194
IATWF,Birch Hills County,MUN1,55.7230555,-118.0772222
AABTS,Birchy Bay,TOWN,49.3215389,-54.7361083
AABUX,Bird Cove,TOWN,51.0460695,-56.9334055
GACVX,Birtle,TOWN,50.4225000,-101.0475000
AAUZA,Bishop's Cove,TOWN,47.6367556,-53.2327389
AABVP,Bishop's Falls,TOWN,49.0209528,-55.4898944
IAGFN,Blackfalds,TOWN,52.3783333,-113.7961111
HAECA,Blaine Lake,TOWN,52.8283000,-106.8814306
EFNZP,Blainville,CITY,45.6796270,-73.8738740
FEVPI,Blind River,TOWN,46.3022700,-82.8779500
FEUYB,Blue Mountains,TOWN,44.4780556,-80.4013889
FEVIK,Bluewater,TOWN,43.4767300,-81.6029100
EJNDX,Bois-des-Filion,CITY,45.6666667,-73.7500000
EITMR,Boisbriand,CITY,45.6122222,-73.8391667
GADFN,Boissevain,TOWN,49.2305560,-100.0550000
IAREZ,Bon Accord,TOWN,53.8369444,-113.4122222
EKTWP,Bonaventure,MUN1,48.0500000,-65.4833333
AACKH,Bonavista,TOWN,48.6317917,-53.1041333
IAHBP,Bonnyville,TOWN,54.2672222,-110.7386111
BAEXO,Borden-Carleton,TOWN,46.2616670,-63.6738890
AACMK,Botwood,TOWN,49.1356472,-55.3731528
ESCZQ,Boucherville,CITY,45.6000000,-73.4500000
DBBXR,Bouctouche,TOWN,46.4683330,-64.7402780
IAHYT,Bow Island,TOWN,49.8672222,-111.3788889
IAHDR,Bowden,TOWN,51.9322222,-114.0347222
JABAO,Bowen Island,MUN1,49.3797220,-123.3441670
FDGDU,Bracebridge,TOWN,45.0263889,-79.1900000
FERXS,Bradford West Gwillimbury,TOWN,44.1373700,-79.6173100
FALIF,Brampton,CITY,43.6883334,-79.7608333
AACOM,Branch,TOWN,46.8822222,-53.9644445
GADMZ,Brandon,CITY,49.8469440,-99.9522220
FALJI,Brantford,CITY,43.1569444,-80.2575000
IAUFV,Brazeau County,MUN1,53.1777778,-115.2194444
HAKJU,Bredenbury,TOWN,50.9412528,-102.0440444
AACRQ,Brent's Cove,TOWN,49.9369444,-55.7069444
CAFBR,Bridgewater,TOWN,44.3774980,-64.5186050
AACSR,Brighton,TOWN,49.5400695,-55.6432555
FEVMN,Brighton,TOWN,44.1222222,-77.7641667
ACGFS,Brigus,TOWN,47.5329806,-53.2150917
HAKLJ,Broadview,TOWN,50.3749722,-102.5772583
FDGDV,Brockville,CITY,44.5973300,-75.6855000
EFRDX,Brome,TOWN,45.2000000,-72.5666666
EKTWO,Brome-Missisquoi,MUN1,45.1333333,-72.8000000
EFRED,Bromont,CITY,45.3166667,-72.6500000
ERGPJ,Brompton,TOWN,45.4708333,-71.9416667
IAIDN,Brooks,CITY,50.5672220,-111.8950000
ESCMC,Brossard,CITY,45.4552630,-73.4677930
ERJEM,Brownsburg-Chatham,CITY,45.6763100,-74.4081250
FEQQX,Bruce,MUN1,44.5047900,-81.2493100
FAMEE,Bruce Mines,TOWN,46.3010000,-83.7946700
IAJHT,Bruderheim,TOWN,53.7997222,-112.9283333
HAKRV,Bruno,TOWN,52.2654556,-105.5248083
AACYQ,Bryant's Cove,TOWN,47.6760917,-53.1930222
ACGAI,Buchans,TOWN,48.8238000,-56.8490694
AADBW,Burgeo,TOWN,47.6199167,-57.6216334
AADCE,Burin,TOWN,47.0828410,-55.1752720
FAMXK,Burlington,CITY,43.3700600,-79.8140300
AADCQ,Burlington,TOWN,49.7501528,-56.0174223
JAEBN,Burnaby,CITY,49.2427780,-122.9727780
ABAYX,Burnt Islands,TOWN,47.6141944,-58.8701306
HASJA,Burstall,TOWN,50.6556306,-109.9093722
EKTWR,Bécancour,MUN1,46.3166667,-72.1833334
HAUHQ,Cabri,TOWN,50.6218778,-108.4633056
FAYKX,Caledon,TOWN,43.8660500,-79.8590100
IAKID,Calgary,CITY,51.0458333,-114.0574999
IAKIL,Calmar,TOWN,53.2577778,-113.8108333
ERIGG,Calumet,TOWN,45.6513889,-74.6361111
FANXK,Cambridge,CITY,43.3972220,-80.3113890
JCJEN,Campbell River,CITY,50.0230560,-125.2436110
AADLR,Campbellton,TOWN,49.2705194,-54.9319306
DAHEI,Campbellton,CITY,47.9993360,-66.6835110
DBEST,Campobello Island,MUN1,44.8859840,-66.9109680
IAKKF,Camrose,CITY,53.0247222,-112.8241667
IBABC,Camrose County,MUN1,52.9127780,-112.8166670
EFTDR,Candiac,CITY,45.3948490,-73.5191490
EKTWN,Caniapiscau,MUN1,52.7833333,-67.0833333
IAPEQ,Canmore,TOWN,51.0830555,-115.3683333
HABQM,Canora,TOWN,51.6363750,-102.4310056
EFTLX,Cap-Chat,CITY,49.1000000,-66.6833334
EQYUD,Cap-Santé,CITY,46.6700740,-71.7704630
CBUCD,Cape Breton,MUN1,46.0000690,-60.3158960
AASVB,Cape Broyle,TOWN,47.0965195,-52.9414917
ACRCX,Cape St. George,TOWN,48.4957027,-59.1849305
JCVBP,Capital Regional District,MUN1,48.4166670,-123.5833300
EQVWA,Capitale-Nationale,MUN1,47.3666667,-71.3000000
DAZVA,Caraquet,TOWN,47.7655560,-64.9500000
GAEIX,Carberry,TOWN,49.8688890,-99.3594440
AADOD,Carbonear,TOWN,47.7315028,-53.2326611
IAKML,Cardston,TOWN,49.2000000,-113.3038889
IATWZ,Cardston County,MUN1,49.3036111,-113.1330556
JCVBQ,Cariboo Regional District,MUN1,52.3333330,-123.1666700
EFTWK,Carignan,CITY,45.4657410,-73.3303070
FAOWJ,Carleton Place,TOWN,45.1380555,-76.1422222
EITNA,Carleton-sur-Mer,CITY,48.1017360,-66.1219930
HABRI,Carlyle,TOWN,49.6353911,-102.2663556
GAEKX,Carman,TOWN,49.4991670,-98.0008330
AADPF,Carmanville,TOWN,49.3673055,-54.2905694
HABWL,Carnduff,TOWN,49.1749250,-101.7973306
HABWZ,Carrot River,TOWN,53.2817028,-103.5856397
IALCI,Carstairs,TOWN,51.5655555,-114.0994444
AADQK,Cartwright,TOWN,53.6937790,-56.9700560
JCAAC,Castlegar,CITY,49.3244440,-117.6669440
IALMX,Castor,TOWN,52.2191667,-111.9036111
EQNGV,Causapscal,CITY,48.3549410,-67.2212990
HACGE,Central Butte,TOWN,50.7975944,-106.5065250
JCVBR,Central Coast Regional District,MUN1,52.1666670,-127.0000000
JCVCA,Central Saanich,MUN1,48.5944440,-123.4208330
EQMGT,Centre-du-Québec,MUN1,46.0333333,-71.9166666
ABYRR,Centreville-Wareham-Trinity,TOWN,49.0000278,-53.9206694
EJNEC,Chambly,CITY,45.4497222,-73.2908333
AADUM,Chance Cove,TOWN,47.6666472,-53.8309250
EFVVH,Chandler,CITY,48.3500000,-64.6833333
AADVB,Change Islands,TOWN,49.6689444,-54.4037223
AADVG,Channel-Port aux Basques,TOWN,47.5955806,-59.1352917
EFVWZ,Chapais,CITY,49.7833333,-74.8500000
AADVM,Chapel Arm,TOWN,47.5049111,-53.6661916
EFWBO,Charlemagne,CITY,45.7166667,-73.4833334
ERGOW,Charlesbourg,TOWN,46.8583333,-71.2666667
EKTWL,Charlevoix,MUN1,47.4833333,-70.4833334
EKTWK,Charlevoix-Est,MUN1,47.7333333,-69.9833333
BAARG,Charlottetown,CITY,46.2402780,-63.1347220
ABEZM,Charlottetown,TOWN,52.7657222,-56.1453000
FFAAO,Charlton and Dack,TOWN,47.7961111,-79.9533333
FEUTC,Chatham-Kent,CITY,42.4339600,-82.1287600
ENODW,Chaudière-Appalaches,MUN1,46.4833330,-70.6166670
CBUCP,Chester,MUN1,44.6834090,-64.3660420
IAJAV,Chestermere,TOWN,51.0333333,-113.8166667
JCPML,Chetwynd,MUN1,55.6958330,-121.6383330
EFXAC,Chibougamau,CITY,49.9166670,-74.3666670
ERCBY,Chicoutimi,TOWN,48.4166670,-71.0666670
JCVCC,Chilliwack,CITY,49.1577780,-121.9508330
HACYJ,Choiceland,TOWN,53.4920361,-104.4869306
HAQCD,Churchbridge,TOWN,50.8948278,-101.8932528
GAFAB,Churchill,TOWN,58.7808330,-94.1869440
EFXLM,Chute-aux-Outardes,TOWN,49.1166667,-68.4000000
EFWLE,Château-Richer,CITY,46.9666667,-71.0166667
EFWKS,Châteauguay,CITY,45.3609270,-73.7501800
JZAYE,City of West Kelowna,CITY,49.8300000,-119.6286110
CBUCR,Clare,MUN1,44.2167410,-65.9994310
FEUTA,Clarence-Rockland,CITY,45.4880900,-75.2148900
AAEBC,Clarenville,TOWN,48.1881389,-54.0557138
IAMMS,Claresholm,TOWN,50.0197222,-113.5827778
FEUFQ,Clarington,TOWN,43.9947222,-78.6750000
CAHEP,Clark's Harbour,TOWN,43.4426340,-65.6290120
AAEBH,Clarke's Beach,TOWN,47.5320167,-53.3036750
IBABE,Clear Hills County,MUN1,56.7694440,-119.0372220
JCAJU,Clearwater,MUN1,51.6455560,-120.0325000
IATYG,Clearwater County,MUN1,52.2447222,-115.7513889
EFYGC,Clermont,CITY,47.6943580,-70.2255490
AAEDX,Coachman's Cove,TOWN,50.0681694,-56.1237305
IANEO,Coaldale,TOWN,49.7277777,-112.6186111
IANEP,Coalhurst,TOWN,49.7486111,-112.9294444
EQSLN,Coaticook,CITY,45.1333333,-71.8000000
FEDAY,Cobalt,TOWN,47.3991667,-79.6805556
FARXE,Cobourg,TOWN,43.9630555,-78.1647223
IAADI,Cochrane,TOWN,51.2066667,-114.4669444
FEVJK,Cochrane,TOWN,49.1747223,-81.0630555
CBUCE,Colchester,MUN1,45.3334070,-63.2493380
IAEFD,Cold Lake,CITY,54.4500000,-110.1666667
JATFF,Coldstream,MUN1,50.2238890,-119.2300000
AAEHC,Colinet,TOWN,47.2195306,-53.5480611
ABFCC,Colliers,TOWN,47.4503222,-53.2482889
FASGS,Collingwood,TOWN,44.5014000,-80.2407100
HADRE,Colonsay,TOWN,51.9764889,-105.8722444
JBKIH,Columbia-Shuswap Regional District,MUN1,51.4166670,-117.6666700
JCLMX,Colwood,CITY,48.4236110,-123.4933330
AAEIN,Come By Chance,TOWN,47.8415167,-53.9847806
AAEIU,Comfort Cove-Newstead,TOWN,49.3581556,-54.8758195
JCUYZ,Comox,TOWN,49.6727780,-124.9277780
JDIBT,Comox Valley Regional District,MUN1,49.7500000,-125.0000000
AAEJC,Conception Bay South,TOWN,47.4907778,-52.9951111
AAEJD,Conception Harbour,TOWN,47.4385750,-53.2239000
AAEJG,Conche,TOWN,50.8955084,-55.8866667
EQKRO,Contrecoeur,CITY,45.8572222,-73.2386111
AAUZK,Cook's Harbour,TOWN,51.6078722,-55.8639250
ERHLZ,Cookshire-Eaton,CITY,45.4166667,-71.6333333
JAXHI,Coquitlam,CITY,49.2841670,-122.7936110
AAEOL,Cormack,TOWN,49.3159500,-57.3833639
AAEOU,Corner Brook,CITY,48.9411110,-57.9702780
BADWZ,Cornwall,TOWN,46.2263890,-63.2194440
FCCOT,Cornwall,CITY,45.0263889,-74.7263889
HAUQW,Coronach,TOWN,49.1088389,-105.5121750
IANKG,Coronation,TOWN,52.0947223,-111.4477778
ESBHD,Coteau-du-Lac,CITY,45.2911270,-74.1739570
ABAYT,Cottlesville,TOWN,49.4952250,-54.8545583
IACKM,County of Athabasca No. 12,MUN1,54.7327778,-113.0544444
IADKY,County of Barrhead No. 11,MUN1,54.1522222,-114.5255556
FEVER,County of Brant,CITY,43.1391667,-80.2813889
IAFGC,County of Forty Mile No. 8,MUN1,49.5236110,-111.1713889
IAHMN,County of Grande Prairie No. 1,MUN1,55.2724999,-119.1527777
IAAOE,County of Minburn No. 27,MUN1,53.4105556,-111.6486111
IANOP,County of Newell No. 4,MUN1,50.6158330,-111.9430560
IAPWT,County of Paintearth No. 18,MUN1,52.2161111,-111.6944444
IAGIM,County of St. Paul No. 19,MUN1,53.9330556,-111.3161111
IAKUS,County of Stettler No. 6,MUN1,52.2444444,-112.6488889
IAAMW,County of Two Hills No. 21,MUN1,53.7158330,-111.5252780
IBABD,County of Vermilion River,MUN1,53.3952777,-110.5327777
IAOTD,County of Warner No. 5,MUN1,49.2761111,-112.1119444
IAPBC,County of Wetaskiwin No. 10,MUN1,52.9475000,-114.0658333
JAHJY,Courtenay,CITY,49.6894440,-124.9958330
AAERC,Cow Head,TOWN,49.9197250,-57.7694834
EGAGH,Cowansville,CITY,45.2047000,-72.7408600
JBSXA,Cowichan Valley Regional District,MUN1,48.8333330,-124.2166700
AAESB,Cox's Cove,TOWN,49.1119861,-58.0805139
HADVS,Craik,TOWN,51.0487990,-105.8200670
JAIQY,Cranbrook,CITY,49.5080560,-115.7469440
HAPEZ,Creighton,TOWN,54.7537500,-101.8987110
JAIUJ,Creston,TOWN,49.0975000,-116.5130560
IAOEN,Crossfield,TOWN,51.4305556,-114.0308333
AAEXO,Crow Head,TOWN,49.6798500,-54.7998834
IAJBR,Crowsnest Pass,TOWN,49.5888889,-114.5083333
HAEPH,Cudworth,TOWN,52.4901917,-105.7391278
CBUCF,Cumberland,MUN1,45.7500760,-64.1660340
HAFDB,Cupar,TOWN,50.9466583,-104.2109556
AAFAA,Cupids,TOWN,47.5478056,-53.2244889
HAFDU,Cut Knife,TOWN,52.7474694,-109.0158917
IATWE,Cypress County,MUN1,49.8730550,-110.6808330
ENODZ,Côte-Nord,MUN1,50.8666670,-65.8166670
ESADM,Côte-Saint-Luc,CITY,45.4776070,-73.6634880
ERCBQ,Côte-des-Neiges–Notre-Dame-de-Grâce,TOWN,45.4986111,-73.6263889
EKTWI,D'Autray,MUN1,46.1666667,-73.1666667
DAAOF,Dalhousie,TOWN,48.0486110,-66.3902780
HAFUS,Dalmeny,TOWN,52.3395639,-106.7714139
AAFDB,Daniel's Harbour,TOWN,50.2326473,-57.5818083
EGBWR,Danville,CITY,45.7833333,-72.0166667
GAGDE,Dauphin,CITY,51.1494440,-100.0494400
EQUVX,Daveluyville,CITY,46.2027778,-72.1380556
HATPN,Davidson,TOWN,51.2591611,-105.9859314
KABPC,Dawson,TOWN,64.0600000,-139.4319440
JAPCN,Dawson Creek,CITY,55.7605560,-120.2355560
IAPSJ,Daysland,TOWN,52.8641666,-112.2550000
FDOAY,Deep River,TOWN,46.0502777,-77.4177778
AAFKA,Deer Lake,TOWN,49.1949940,-57.3897000
HAFXP,Delisle,TOWN,51.9216889,-107.1350019
GAGKB,Deloraine,TOWN,49.1908330,-100.4938900
EGCPG,Delson,CITY,45.3755910,-73.5417910
JAYRE,Delta,CITY,49.0847220,-123.0586110
EGCXV,Desbiens,CITY,48.4166667,-71.9500000
FDGDY,Deseronto,TOWN,44.1965700,-77.0509500
ERCCC,Desjardins,TOWN,46.8000000,-71.1833333
EKMVN,Deux-Montagnes,CITY,45.5418300,-73.8929300
IABBD,Devon,TOWN,53.3622223,-113.7225000
IBALM,Diamond Valley,TOWN,50.6798620,-114.2535770
IABMA,Didsbury,TOWN,51.6594444,-114.1375000
DBAKL,Dieppe,CITY,46.0783330,-64.6886110
CBUCT,Digby,MUN1,44.3667430,-65.6994200
EGDVA,Disraeli,CITY,45.9028250,-71.3579720
EQNBE,Dolbeau-Mistassini,CITY,48.8765100,-72.2259570
ESNUA,Dollard-des-Ormeaux,CITY,45.4842520,-73.8077380
EGEEW,Donnacona,CITY,46.6747222,-71.7294444
ESAWB,Dorval,CITY,45.4392630,-73.7304350
AAUZT,Dover,TOWN,48.8869639,-53.9537778
IABOA,Drayton Valley,TOWN,53.2241667,-114.9808333
IABPA,Drumheller,TOWN,51.4644444,-112.7188889
EKTWE,Drummond,MUN1,45.8833334,-72.4833333
EPUWF,Drummondville,CITY,45.8833330,-72.4833330
FEVJT,Dryden,CITY,49.7833333,-92.7652777
HAGWQ,Duck Lake,TOWN,52.8121694,-106.2260528
FEQQZ,Dufferin,MUN1,44.0619445,-80.1841666
JBBWA,Duncan,CITY,48.7786110,-123.7080560
HAGYA,Dundurn,TOWN,51.8092028,-106.5053722
EGFKE,Dunham,CITY,45.1333333,-72.8000000
AAGCI,Duntara,TOWN,48.5859750,-53.3810333
EGFLH,Duparquet,CITY,48.5000000,-79.2333334
FBAPZ,Durham,MUN1,44.0756700,-78.9377400
EGCKW,Dégelis,CITY,47.5500000,-68.6500000
EKVLX,East Angus,CITY,45.4833334,-71.6666667
FEEUC,East Gwillimbury,TOWN,44.1391667,-79.4238889
CBUCU,East Hants,MUN1,45.0834090,-63.7493550
HAOOQ,Eastend,TOWN,49.5163028,-108.8198083
AAGIW,Eastport,TOWN,48.6646722,-53.7676278
HAHSA,Eatonia,TOWN,51.2229028,-109.3880722
IACEK,Eckville,TOWN,52.3600000,-114.3669444
IACMP,Edmonton,CITY,53.5344445,-113.4902778
DALZZ,Edmundston,CITY,47.3772220,-68.2944440
IACMW,Edson,TOWN,53.5836111,-116.4327778
FEQRA,Elgin,MUN1,42.7496700,-81.2426500
IACOR,Elk Point,TOWN,53.9011111,-110.9005556
JAQTG,Elkford,MUN1,50.0244440,-114.9216670
FBCHB,Elliot Lake,CITY,46.3811111,-82.6572222
AAGLV,Elliston,TOWN,48.6291611,-53.0480361
HAHWC,Elrose,TOWN,51.2014769,-108.0332056
AAGMH,Embree,TOWN,49.3012472,-55.0437028
GAHTD,Emerson,TOWN,49.0069440,-97.2147220
JARSS,Enderby,CITY,50.5505560,-119.1394440
AAGMV,Englee,TOWN,50.7657028,-56.0709528
FBCRQ,Englehart,TOWN,47.8232000,-79.8735200
AAGNE,English Harbour East,TOWN,47.6460800,-54.8927830
GAHUI,Erickson,TOWN,50.4980560,-99.9113890
FEVJW,Erin,TOWN,43.7425000,-80.1241666
FBCXV,Espanola,TOWN,46.2420000,-81.7573300
JASWS,Esquimalt,MUN1,48.4297220,-123.4144440
FEVJL,Essex,TOWN,42.0941666,-82.9008333
HAIPN,Esterhazy,TOWN,50.6531472,-102.0710500
HAUQM,Estevan,CITY,49.1392833,-102.9859847
HAIPS,Eston,TOWN,51.1491694,-108.7574611
ENODX,Estrie,MUN1,45.4833330,-71.6666670
ESBQB,Estérel,CITY,46.0409410,-74.0150330
IADDJ,Fairview,TOWN,56.0672222,-118.3841667
IADDT,Falher,TOWN,55.7372222,-117.2013889
EGIHG,Farnham,CITY,45.2833333,-72.9833333
KACBC,Faro,TOWN,62.2263889,-133.3558333
ACCRI,Fermeuse,TOWN,46.9727667,-52.9774750
EGIRQ,Fermont,CITY,52.7969330,-67.0910080
JAVIB,Fernie,CITY,49.5041670,-115.0627780
AAGUG,Ferryland,TOWN,47.0302389,-52.9056278
IATKO,Flagstaff County,MUN1,52.6832430,-111.7927590
ABTLR,Flatrock,TOWN,47.7049611,-52.7316555
HAQQN,Fleming,TOWN,50.0747290,-101.5130950
AAHDA,Fleur de Lys,TOWN,50.1329250,-56.1570194
ERGPL,Fleurimont,TOWN,45.4083333,-71.8388889
GAILW,Flin Flon,CITY,54.7680560,-101.8641699
DBESQ,Florenceville-Bristol,TOWN,46.4521320,-67.6064420
AAHDU,Flower's Cove,TOWN,51.2953500,-56.7202694
HACBK,Foam Lake,TOWN,51.6410806,-103.5395500
ACTKC,Fogo Island,TOWN,49.6583330,-54.1825000
IBAGC,Foothills County ,MUN1,50.6155556,-114.0241667
EGJTS,Forestville,CITY,48.7384850,-69.0767740
FEBVJ,Fort Erie,TOWN,42.9226100,-79.0220000
FBEYE,Fort Frances,TOWN,48.6125000,-93.3938890
IAFFG,Fort Macleod,TOWN,49.7230555,-113.4041667
HACDD,Fort Qu'Appelle,TOWN,50.7656694,-103.7903389
IAFFM,Fort Saskatchewan,CITY,53.7111111,-113.2177778
LAILN,Fort Smith,TOWN,60.0053000,-111.8829000
JAGOX,Fort St. James,MUN1,54.4444440,-124.2591670
JAGPB,Fort St. John,CITY,56.2525000,-120.8466670
EGJVU,Fort-Coulonge,TOWN,45.8500000,-76.7333333
ABHYJ,Forteau,TOWN,51.4915611,-56.9478916
AAHGF,Fortune,TOWN,47.0406833,-55.8614917
EGJYX,Fossambault-sur-le-Lac,CITY,46.8666666,-71.6166667
ABOKB,Fox Cove-Mortier,TOWN,47.1023611,-55.1103778
IAFHC,Fox Creek,TOWN,54.3941666,-116.8066667
AAHJA,Fox Harbour,TOWN,47.3215000,-53.8827166
HACEQ,Francis,TOWN,50.1017036,-103.8662639
JDFXR,Fraser Valley Regional District,MUN1,49.5833330,-121.8333300
DAFMJ,Fredericton,CITY,45.9452780,-66.6666670
FEUZS,French River,TOWN,46.1422221,-80.4813889
AAHNP,Frenchman's Cove,TOWN,47.1611080,-55.4183500
FEQRC,Frontenac,MUN1,44.7490900,-76.8217360
ABFNH,Gallants,TOWN,48.7054861,-58.2388527
ABFFT,Gambo,TOWN,48.7970805,-54.2125111
FBGLX,Gananoque,TOWN,44.3321200,-76.1611600
AAHSV,Gander,TOWN,48.9571890,-54.5885610
AAHUF,Garnish,TOWN,47.2154060,-55.3326530
AAHUP,Gaskiers-Point La Haye,TOWN,46.8841666,-53.6050000
EGLSD,Gaspé,CITY,48.8246180,-64.4762540
ENODU,Gaspésie–Îles-de-la-Madeleine,MUN1,48.7000000,-65.4166667
ERJDN,Gatineau,MUN1,45.4833330,-75.6500000
AAHUZ,Gaultois,TOWN,47.6118750,-55.9137583
BABDH,Georgetown,TOWN,46.1820950,-62.5325730
FBHBU,Georgina,TOWN,44.2805550,-79.3244440
IAASX,Gibbons,TOWN,53.8297222,-113.3283333
JCLMR,Gibsons,TOWN,49.4002780,-123.5088890
GBSLM,Gilbert Plains,TOWN,51.1497220,-100.4877780
GAJER,Gillam,TOWN,56.3472220,-94.7077780
AAHYE,Gillams,TOWN,49.0194944,-58.0683389
GAJFM,Gimli,TOWN,50.6336110,-96.9900000
GAJGA,Gladstone,TOWN,50.2258330,-98.9500000
ABQOU,Glenburnie-Birchy Head-Shoal Brook,TOWN,49.4507556,-57.9098889
AAHZV,Glenwood,TOWN,48.9809139,-54.8820444
AAIAF,Glovertown,TOWN,48.6911305,-54.0352778
EGNCE,Godbout,TOWN,49.3166667,-67.6000000
FBIAG,Goderich,TOWN,43.7381300,-81.7045500
JBZLB,Golden,TOWN,51.2977780,-116.9647220
AAIEJ,Goose Cove East,TOWN,51.3075000,-55.6272222
FBING,Gore Bay,TOWN,45.9161111,-82.4647222
HATPF,Govan,TOWN,51.3107972,-104.9952194
ERFVX,Gracefield,CITY,46.0817710,-76.0597720
EGNRO,Granby,CITY,45.3985550,-72.7222490
AAIHR,Grand Bank,TOWN,47.0889060,-55.7551110
DBEFJ,Grand Bay-Westfield,TOWN,45.3405560,-66.2538890
DAICU,Grand Falls,TOWN,47.0525000,-67.7350000
ABYRK,Grand Falls-Windsor,TOWN,48.9640028,-55.6644417
JAUUX,Grand Forks,CITY,49.0311110,-118.4391670
AAUUV,Grand Le Pierre,TOWN,47.7732861,-54.8056084
GAJQX,Grand Rapids,TOWN,53.1783330,-99.2647220
FEVNR,Grand Sudbury,CITY,46.5778900,-81.0695800
DAQOW,Grand-Sault,TOWN,47.0525000,-67.7350000
IAHMM,Grande Prairie,CITY,55.1708334,-118.7961111
EITOF,Grande-Rivière,CITY,48.4000000,-64.5000000
ENPCO,Grandes-Piles,TOWN,46.6833333,-72.7333333
GAJRE,Grandview,TOWN,51.1741670,-100.6977800
HAAQH,Gravelbourg,TOWN,49.8729000,-106.5535944
FBJKJ,Gravenhurst,TOWN,44.8686111,-79.3394445
FEUSU,Greater Napanee,TOWN,44.2375000,-76.9686111
FEVNQ,Greater Sudbury,CITY,46.5778900,-81.0695800
ERCBT,Greenfield Park,TOWN,45.4827780,-73.4733330
AAIVX,Greenspond,TOWN,49.0731500,-53.5768027
FEUWM,Greenstone,TOWN,49.7608334,-87.2858333
JAEZN,Greenwood,CITY,49.0883330,-118.6763890
HADPJ,Grenfell,TOWN,50.4106694,-102.9322194
ERIGF,Grenville,TOWN,45.7166670,-74.6666670
GAJWV,Gretna,TOWN,49.0077780,-97.5616670
FEQRE,Grey,MUN1,44.3444440,-80.6655550
FBKFL,Grimsby,TOWN,43.1858400,-79.5726600
IAHQY,Grimshaw,TOWN,56.1886112,-117.6058333
FBKKK,Guelph,CITY,43.5357100,-80.2290000
HAEHT,Gull Lake,TOWN,50.0969139,-108.4847525
CBUCV,Guysborough,MUN1,45.3834060,-61.4992730
HAEIZ,Hafford,TOWN,52.7269889,-107.3533611
HAPNX,Hague,TOWN,52.5107139,-106.4173506
FEVUB,Haldimand County,TOWN,42.9861110,-79.8533330
FEQRG,Haliburton,MUN1,44.1737400,-78.5086800
CBUCG,Halifax,MUN1,44.8667430,-63.7160200
FBLID,Halton,MUN1,43.5083333,-79.8877778
FBLIE,Halton Hills,TOWN,43.6269445,-79.9513889
FEVNS,Hamilton,CITY,43.2427780,-79.9894440
GBSLL,Hamiota,TOWN,50.1805550,-100.5961110
AAJJO,Hampden,TOWN,49.5396389,-56.8816277
ESAPV,Hampstead,CITY,45.4833330,-73.6333330
DAJFU,Hampton,TOWN,45.5286110,-65.8547220
HAPNY,Hanley,TOWN,51.6270917,-106.4410056
IAINF,Hanna,TOWN,51.6458334,-111.9252778
FBLQK,Hanover,TOWN,44.1544445,-81.0233334
AAJKL,Hant's Harbour,TOWN,47.9904220,-53.2767140
DAJGT,Hanwell,MUN1,45.8510000,-66.8040000
AAJKO,Happy Adventure,TOWN,48.6351722,-53.7818861
ACRWH,Happy Valley - Goose Bay,TOWN,53.3417390,-60.4488030
AAJKQ,Harbour Breton,TOWN,47.4775220,-55.8240440
AAJKX,Harbour Grace,TOWN,47.6796861,-53.2535888
ACKMW,Harbour Main-Chapel's Cove-Lakeview,TOWN,47.4118667,-53.1740194
IAINT,Hardisty,TOWN,52.6750000,-111.3044444
AAJNN,Hare Bay,TOWN,48.8591528,-54.0318361
DAJRT,Hartland,TOWN,46.2986110,-67.5000000
GAKKP,Hartney,TOWN,49.4808330,-100.5225000
FEQRH,Hastings,MUN1,44.7587400,-77.6707800
DBEWF,Haut-Madawaska,MUN1,47.2984000,-68.7298000
ABFOV,Hawke's Bay,TOWN,50.6168083,-57.1846972
FBMKO,Hawkesbury,TOWN,45.6082600,-74.6017900
LAKGC,Hay River,TOWN,60.8097000,-115.7898000
FBMTW,Hearst,TOWN,49.6869445,-83.6544445
AAJUJ,Heart's Content,TOWN,47.8498556,-53.3549306
ABOKJ,Heart's Delight-Islington,TOWN,47.7720722,-53.4437166
AAJUP,Heart's Desire,TOWN,47.8156361,-53.4267777
EGQLE,Hemmingford,TOWN,45.0500000,-73.5833333
HAPHN,Hepburn,TOWN,52.5239388,-106.7313056
HAFAE,Herbert,TOWN,50.4264750,-107.2249944
ACJWO,Hermitage-Sandyville,TOWN,47.5462140,-55.9244280
IAJVJ,High Level,TOWN,58.5180555,-117.1288889
IAJVM,High Prairie,TOWN,55.4322223,-116.4944444
IAJVO,High River,TOWN,50.5797223,-113.8741667
JDESG,Highlands,MUN1,48.4805560,-123.5119440
IAJWU,Hinton,TOWN,53.4111111,-117.5627778
ABCAO,Holyrood,TOWN,47.3458861,-53.1520305
JBFGB,Hope,MUN1,49.3800000,-121.4413890
JBANJ,Houston,MUN1,54.3983330,-126.6483330
AAKFX,Howley,TOWN,49.1572028,-57.0995333
EGRJP,Hudson,CITY,45.4587080,-74.1431050
HAPHU,Hudson Bay,TOWN,52.8428167,-102.3756861
JBAPP,Hudson's Hope,MUN1,56.0258330,-121.9136110
ABCNU,Hughes Brook,TOWN,48.9996805,-57.8793500
ABZCG,Humber Arm South,TOWN,49.0156500,-58.1677167
HAPOH,Humboldt,CITY,52.2019155,-105.1229806
EGRNU,Huntingdon,CITY,45.0873800,-74.1753020
FBPPE,Huntsville,TOWN,45.3109800,-79.2773300
FEQRI,Huron,MUN1,43.6670900,-81.4998900
FEVLZ,Huron East,TOWN,43.6250600,-81.2845600
EGQHK,Hébertville-Station,TOWN,48.4500000,-71.6666667
HAATO,Imperial,TOWN,51.3479056,-105.4408167
AAKKP,Indian Bay,TOWN,49.0641139,-53.9623500
HAVWV,Indian Head,TOWN,50.5337447,-103.6675453
FBQEM,Ingersoll,TOWN,43.0406200,-80.8739900
IALBX,Innisfail,TOWN,52.0281390,-113.9506390
FELTI,Innisfil,TOWN,44.2746200,-79.6180000
LALNA,Inuvik,TOWN,68.3609000,-133.7297000
JADJB,Invermere,MUN1,50.5058330,-116.0305560
CBUCH,Inverness,MUN1,46.3334040,-61.0825910
OATRP,Iqaluit,CITY,63.7500000,-68.5166670
ABZCF,Irishtown-Summerside,TOWN,48.9877690,-57.9547610
FBQNV,Iroquois Falls,TOWN,48.7663889,-80.6813889
IALYH,Irricana,TOWN,51.3236111,-113.6080556
AAKVD,Isle aux Morts,TOWN,47.5974223,-58.9659750
HABYC,Ituna,TOWN,51.1681442,-103.4984639
AAKWW,Jackson's Arm,TOWN,49.8652223,-56.8048306
EPWPC,Jamésie,MUN1,52.0000000,-76.0000000
IATZF,Jasper,MUN1,52.8930560,-118.1722200
EKTWC,Joliette,MUN1,46.0166666,-73.4500000
ERCBZ,Jonquière,TOWN,48.4166670,-71.2458330
JAFNW,Kamloops,CITY,50.6758330,-120.3394440
EKTWB,Kamouraska,MUN1,47.5333333,-69.8166666
HADDY,Kamsack,TOWN,51.5611889,-101.8964417
FBTBP,Kapuskasing,TOWN,49.4152778,-82.4169445
EQGXG,Kativik,MUN1,58.4833330,-71.4833330
FEVMU,Kawartha Lakes,CITY,44.5875800,-78.8321000
FBTKR,Kearney,TOWN,45.6250600,-79.1179200
DALLG,Kedgwick,MUN1,47.6458450,-67.3433430
AALJP,Keels,TOWN,48.6019445,-53.4074445
JAFUV,Kelowna,CITY,49.8880560,-119.4955560
HAQOZ,Kelvington,TOWN,52.1629500,-103.5257472
FEVJJ,Kenora,CITY,49.8161111,-94.4350000
BABMQ,Kensington,TOWN,46.4366640,-63.6373530
JAGWY,Kent,MUN1,49.2380560,-121.7625000
CASWE,Kentville,TOWN,45.0777070,-64.4953060
HADHV,Kerrobert,TOWN,51.9216639,-109.1406778
IABDM,Killam,TOWN,52.7897223,-111.8552778
FEVEF,Killarney,TOWN,46.0608333,-80.9822222
GANKU,Killarney,TOWN,49.1833330,-99.6627780
JAHBL,Kimberley,CITY,49.6850000,-115.9816670
HAEQZ,Kindersley,TOWN,51.4676781,-109.1566139
AALOV,King's Cove,TOWN,48.5589834,-53.3732611
AALPI,King's Point,TOWN,49.5807861,-56.2080000
CBUCI,Kings,MUN1,45.0334090,-64.6660530
EGVOE,Kingsbury,TOWN,45.5833333,-72.1500000
EQUVA,Kingsey Falls,CITY,45.8580690,-72.0724040
FEVJR,Kingston,CITY,44.3066667,-76.4163888
FEVJM,Kingsville,TOWN,42.1036800,-82.7296200
HAERP,Kinistino,TOWN,52.9508056,-105.0299694
HAESD,Kipling,TOWN,50.0980972,-102.6319944
ABOKE,Kippens,TOWN,48.5585444,-58.6339833
ESANH,Kirkland,CITY,45.4500000,-73.8666670
FBUYW,Kirkland Lake,TOWN,48.1500000,-80.0330556
FEBWC,Kitchener,CITY,43.4186111,-80.4727778
JCMDB,Kitimat,MUN1,54.0533330,-128.6522220
IATKT,Kneehill County,MUN1,51.6450000,-113.2483333
HAFGT,Kyle,TOWN,50.8305889,-108.0388583
ERDPN,L'Ancienne-Lorette,CITY,46.7987300,-71.3625500
ACRCZ,L'Anse au Loup,TOWN,51.5258470,-56.8349304
AALXL,L'Anse-au-Clair,TOWN,51.4637361,-57.0670944
EPISR,L'Assomption,CITY,45.8110880,-73.4313600
EKTUP,L'Islet,MUN1,47.1000000,-69.9833333
EGZJI,L'Épiphanie,CITY,45.8500000,-73.4833334
EKTVB,L'Érable,MUN1,46.2500000,-71.7500000
ESAVS,L'Île-Bizard–Sainte-Geneviève,TOWN,45.4833330,-73.8666670
ELYMM,L'Île-Cadieux,CITY,45.4296070,-74.0267320
ESATR,L'Île-Dorval,CITY,45.4329210,-73.7435440
ELYMZ,L'Île-Perrot,CITY,45.3934050,-73.9550860
EKTUQ,L'Île-d'Orléans,MUN1,46.9166667,-70.9000000
ERCCA,La Baie,TOWN,48.3333330,-70.8791670
ESFTL,La Cité-Limoilou,TOWN,46.8250000,-71.2333330
EKTWA,La Côte-de-Beaupré,MUN1,47.0500000,-70.9000000
EKTVZ,La Côte-de-Gaspé,MUN1,49.1666667,-64.9166666
EGWWR,La Guadeloupe,TOWN,45.9500000,-70.9333334
EKTVV,La Haute-Côte-Nord,MUN1,48.5666666,-69.2333334
EQVUU,La Haute-Gaspésie,MUN1,49.2166666,-66.0666667
ERGOZ,La Haute-Saint-Charles,TOWN,46.8902778,-71.3722222
EKTVU,La Haute-Yamaska,MUN1,45.4000000,-72.7333333
EKTVT,La Jacques-Cartier,MUN1,47.0333333,-71.5833334
EQUCT,La Malbaie,CITY,47.6500000,-70.1500000
EAAIV,La Matanie,MUN1,48.8500000,-67.2833333
EKTVR,La Matapédia,MUN1,48.3000000,-67.5666667
EKTVQ,La Mitis,MUN1,48.5333333,-68.0833333
EKTVP,La Nouvelle-Beauce,MUN1,46.4500000,-71.0333333
EGXQD,La Pocatière,CITY,47.3705556,-70.0341667
EGXSC,La Prairie,CITY,45.4176350,-73.4891960
EKTVO,La Rivière-du-Nord,MUN1,45.8166666,-74.0166666
HAFJY,La Ronge,TOWN,55.1178856,-105.2905250
EGXZU,La Sarre,CITY,48.8000000,-79.2000000
ESDIK,La Tuque,MUN1,47.4333330,-72.7833330
ERHXV,La Vallée-de-l'Or,MUN1,48.3833330,-77.2333330
EKTVL,La Vallée-de-la-Gatineau,MUN1,46.5333330,-76.0500000
EKTVK,La Vallée-du-Richelieu,MUN1,45.5666667,-73.2000000
FERXE,LaSalle,TOWN,42.2252778,-83.0480556
ERGZE,LaSalle,TOWN,45.4305556,-73.6250000
ACRVB,LaScie,TOWN,49.9492360,-55.6100310
ABFQA,Labrador City,TOWN,52.9605694,-66.9365973
IABSI,Lac La Biche,TOWN,54.7702778,-111.9791667
IATHE,Lac Ste. Anne County,MUN1,53.8463889,-114.6950000
GANZL,Lac du Bonnet,TOWN,50.2536110,-96.0605560
EITUV,Lac-Brome,CITY,45.2166667,-72.5166667
EGWFC,Lac-Delage,CITY,46.9666667,-71.4000000
EGWKR,Lac-Mégantic,CITY,45.5742160,-70.8823710
EGWMS,Lac-Poulin,TOWN,46.1000000,-70.8166667
EKXJO,Lac-Saguay,TOWN,46.5000000,-75.1500000
EKTVY,Lac-Saint-Jean-Est,MUN1,48.5500000,-71.6500000
EGWOM,Lac-Saint-Joseph,CITY,46.9141720,-71.6627020
EGWOU,Lac-Sergent,CITY,46.8683130,-71.7260660
ERCAI,Lachine,TOWN,45.4402778,-73.7055556
EKCIC,Lachute,CITY,45.6500000,-74.3333334
IABSM,Lacombe,CITY,52.4644440,-113.7341670
IATHP,Lacombe County,MUN1,52.4486111,-113.7225000
JAMZY,Ladysmith,TOWN,48.9933330,-123.8155560
HAFHX,Lafleche,TOWN,49.7053778,-106.5758361
JDFAO,Lake Country,MUN1,50.0302780,-119.4025000
JANBJ,Lake Cowichan,TOWN,48.8258330,-124.0563890
IATUC,Lakeland County,MUN1,55.1416670,-110.7416700
FEUVZ,Lakeshore,TOWN,42.2481200,-82.6876600
AALUU,Lamaline,TOWN,46.9065720,-55.7688750
FEQRK,Lambton,MUN1,42.8975000,-82.1025000
FEVNJ,Lambton Shores,CITY,43.1753400,-81.8954200
IACGW,Lamont,TOWN,53.7591666,-112.7844444
IATWY,Lamont County,MUN1,53.7666667,-112.5333333
HAPNL,Lampman,TOWN,49.3827722,-102.7578306
DAUFI,Lamèque,TOWN,47.8130560,-64.6236110
FEQRL,Lanark,MUN1,45.0836111,-76.3333333
ENODN,Lanaudière,MUN1,46.7666667,-73.8333333
HAQCC,Langenburg,TOWN,50.8441000,-101.7010725
JAPRZ,Langford,CITY,48.4497220,-123.5044440
HAFJO,Langham,TOWN,52.3584611,-106.9578389
JAPSK,Langley,MUN1,49.1202780,-122.6597220
HATNJ,Lanigan,TOWN,51.8490333,-105.0298972
JAPSY,Lantzville,MUN1,49.2505560,-124.0744440
AALYM,Lark Harbour,TOWN,49.1055056,-58.3923611
HAFKI,Lashburn,TOWN,53.1251500,-109.6132750
FBWMA,Latchford,TOWN,47.3288300,-79.8104000
FEVIS,Laurentian Hills,TOWN,45.9797222,-77.5122222
ENODO,Laurentides,MUN1,46.4333333,-74.9833334
EGYGX,Laurier-Station,TOWN,46.5333334,-71.6333333
EGYIC,Laval,CITY,45.5515380,-73.7446160
EQZTD,Lavaltrie,CITY,45.8833334,-73.2833334
AALZL,Lawn,TOWN,46.9388500,-55.5393140
EGYNZ,Lawrenceville,TOWN,45.4166667,-72.3500000
EKTVH,Le Domaine-du-Roy,MUN1,48.4833333,-72.3500000
EKTVG,Le Fjord-du-Saguenay,MUN1,48.4500000,-70.9000000
ESFVV,Le Golfe-du-Saint-Laurent,MUN1,50.4833330,-59.6166670
EKTVF,Le Granit,MUN1,45.5833330,-70.8833330
EKTVE,Le Haut-Richelieu,MUN1,45.2000000,-73.2333333
EKTVD,Le Haut-Saint-François,MUN1,45.4666667,-71.5333333
EKTVX,Le Haut-Saint-Laurent,MUN1,45.0833333,-74.1666667
ERICI,Le Plateau-Mont-Royal,TOWN,45.5277778,-73.5763889
EQRKQ,Le Rocher-Percé,MUN1,48.3666666,-64.6166667
ERCBI,Le Sud-Ouest,TOWN,45.4722222,-73.5930556
EKTUR,Le Val-Saint-François,MUN1,45.5666667,-72.0166667
ERJEL,Le Vieux-Longueuil,TOWN,45.5305560,-73.5083330
HATYU,Leader,TOWN,50.8875722,-109.5466111
ABFQF,Leading Tickles,TOWN,49.4819250,-55.4271583
GAOIT,Leaf Rapids,TOWN,56.4619444,-100.0105556
FEVJN,Leamington,TOWN,42.0953500,-82.5590600
EGYQT,Lebel-sur-Quévillon,CITY,49.0500000,-76.9833333
IACUJ,Leduc,CITY,53.2666666,-113.5458333
IATZG,Leduc County,MUN1,53.2166670,-113.7833330
IACUY,Legal,TOWN,53.9495000,-113.5951110
HAGEC,Lemberg,TOWN,50.7315694,-103.2033417
FEQRO,Lennox and Addington,MUN1,44.5030555,-77.0002778
ERGPM,Lennoxville,TOWN,45.3666667,-71.8625000
HAGEU,Leroy,TOWN,52.0029083,-104.7388222
ESBIK,Les Appalaches,MUN1,46.0833330,-71.3000000
EKTVA,Les Basques,MUN1,48.1000000,-69.0666667
ERJDF,Les Chenaux,MUN1,46.5000000,-72.4166667
ERCCD,Les Chutes-de-la-Chaudière-Est,TOWN,46.6666666,-71.2333333
ERCCE,Les Chutes-de-la-Chaudière-Ouest,TOWN,46.6500000,-71.3000000
EPFPL,Les Collines-de-l'Outaouais,MUN1,45.5500000,-75.8666667
EKTUY,Les Etchemins,MUN1,46.4000000,-70.3500000
EKTUW,Les Jardins-de-Napierville,MUN1,45.1666666,-73.5166667
EKTUV,Les Laurentides,MUN1,46.1166667,-74.6000000
EKTUU,Les Maskoutains,MUN1,45.6166666,-72.9500000
EKTUT,Les Moulins,MUN1,45.7500000,-73.6000000
ESLOH,Les Nations,TOWN,45.3875000,-71.9083333
EKTUS,Les Pays-d'en-Haut,MUN1,45.9500000,-74.1333334
ERGOD,Les Rivières,TOWN,46.8305556,-71.3055556
ESALO,Les Sources,MUN1,45.7333330,-71.8000000
ERJDP,Les Îles-de-la-Madeleine,MUN1,47.4000000,-61.8000000
IADGP,Lethbridge,CITY,49.6936111,-112.8419444
IBACV,Lethbridge County,MUN1,49.8219443,-112.8238888
AAMCN,Lewin's Cove,TOWN,47.0873000,-55.2189528
AAMDG,Lewisporte,TOWN,49.2418083,-55.0460194
JADLE,Lillooet,MUN1,50.6938890,-121.9336110
FBXRW,Lincoln,TOWN,43.1527778,-79.4183334
AAMGB,Little Bay,TOWN,49.5992389,-55.9518361
AAMGH,Little Bay East,TOWN,47.5558330,-54.8638890
AAMGO,Little Bay Islands,TOWN,49.6443361,-55.7974221
AAMIA,Little Burnt Bay,TOWN,49.3397167,-55.0820056
IADVK,Lloydminster,CITY,53.2838889,-110.0000000
HAGJP,Lloydminster,CITY,53.2779556,-109.9802528
CAUZR,Lockeport,TOWN,43.6987330,-65.1133220
JARYR,Logan Lake,MUN1,50.4944440,-120.8133330
ABTMP,Logy Bay-Middle Cove-Outer Cove,TOWN,47.6366889,-52.6870083
FCAEN,London,CITY,42.9675000,-81.2325000
ABQON,Long Harbour-Mount Arlington Heights,TOWN,47.4430945,-53.7824750
ERJDR,Longueuil,MUN1,45.5333330,-73.5166670
AANGX,Lord's Cove,TOWN,46.8984417,-55.6587028
EHBCF,Lorraine,CITY,45.6597440,-73.7765410
EKTUN,Lotbinière,MUN1,46.5166667,-71.6000000
EHBIT,Louiseville,CITY,46.2557770,-72.9424020
AANIC,Lourdes,TOWN,48.6478230,-59.0016050
AANLW,Lumsden,TOWN,49.2867583,-53.5925417
HAHDX,Lumsden,TOWN,50.6470833,-104.8703528
CBUCW,Lunenburg,MUN1,44.4334100,-64.5993840
HAHEE,Luseland,TOWN,52.0796306,-109.3898861
ACRWI,Lushes Bight - Beaumont - Beaumont North,TOWN,49.6124450,-55.6991820
GAPQM,Lynn Lake,TOWN,56.8250000,-101.0750000
EGZKR,Léry,CITY,45.3500000,-73.8000000
ERJDQ,Lévis,MUN1,46.8000000,-71.1833330
GBSLI,MacGregor,TOWN,49.9661110,-98.7786110
ERHQZ,MacNider,TOWN,48.6736111,-67.9930556
EHCCW,Macamic,CITY,48.7500000,-79.0000000
JAHBY,Mackenzie,MUN1,55.3244440,-123.0927780
HAKTX,Macklin,TOWN,52.3362333,-109.9388806
EKMVW,Magog,CITY,45.2666667,-72.1500000
IAGRW,Magrath,TOWN,49.4077778,-112.8666667
CAXGA,Mahone Bay,TOWN,44.4467070,-64.3779890
HAKVT,Maidstone,TOWN,53.0861220,-109.2964410
AANPF,Main Brook,TOWN,51.1652528,-55.9875694
EHCTX,Malartic,CITY,48.1333333,-78.1333334
EKTUM,Manicouagan,MUN1,49.2166666,-68.1500000
GBSLG,Manitou,TOWN,49.2405550,-98.5366670
EHDEQ,Maniwaki,CITY,46.3745130,-75.9818910
IAGUD,Manning,TOWN,56.9222222,-117.6283333
HAOQT,Maple Creek,TOWN,49.9021160,-109.4861290
JAJYR,Maple Ridge,CITY,49.2200000,-122.5988890
FDNRF,Marathon,TOWN,48.7173300,-86.3805100
ESGGS,Marguerite-D'Youville,MUN1,45.6833330,-73.4333330
EKTUL,Maria-Chapdelaine,MUN1,48.9833333,-72.2833333
EHDWB,Marieville,CITY,45.4333334,-73.1666667
FDNFZ,Markham,TOWN,43.8765300,-79.2634000
FEVED,Markstay-Warren,TOWN,46.4955555,-80.4869445
EHEDL,Marsoui,TOWN,49.2166666,-66.0666667
HAQHM,Martensville,CITY,52.2919249,-106.6524122
AANXD,Mary's Harbour,TOWN,52.3152777,-55.8336001
AASOD,Marystown,TOWN,47.1549750,-55.1644334
EHEKR,Mascouche,CITY,45.7500000,-73.6000000
EKTUK,Maskinongé,MUN1,46.3166667,-72.9333333
ABESR,Massey Drive,TOWN,48.9363861,-57.8927417
EHEOC,Massueville,TOWN,45.9166667,-72.9333333
EHEOS,Matagami,CITY,49.7583270,-77.6219600
EHEPJ,Matane,CITY,48.8500000,-67.5333330
EKTUI,Matawinie,MUN1,46.2666667,-73.7833333
FEAGX,Mattawa,TOWN,46.3129400,-78.7097300
EQMGS,Mauricie,MUN1,47.5500000,-73.4166666
IAHVB,Mayerthorpe,TOWN,53.9547222,-115.1380556
AANZJ,McIver's,TOWN,49.0608417,-58.1094667
IAHYE,McLennan,TOWN,55.7086111,-116.9072222
HARWT,Meadow Lake,CITY,54.1241055,-108.4359051
AAOAG,Meadows,TOWN,48.9965360,-58.0451580
FEVTZ,Meaford,TOWN,44.5911110,-80.7433330
IAIUC,Medicine Hat,CITY,50.0408334,-110.6766667
HAUTW,Melfort,CITY,52.8563361,-104.6099722
GAQZN,Melita,TOWN,49.2680560,-100.9958300
HALKT,Melville,CITY,50.9304306,-102.8078417
EKTUG,Memphrémagog,MUN1,45.2666667,-72.0833333
EHFSY,Mercier,CITY,45.3166667,-73.7500000
ERCBM,Mercier–Hochelaga-Maisonneuve,TOWN,45.5652778,-73.5388889
JCBSO,Merritt,CITY,50.1125000,-120.7883330
JCQXI,Metchosin,MUN1,48.3791670,-123.5358330
JDMAJ,Metro Vancouver Regional District,MUN1,49.2500000,-123.0000000
HALMR,Midale,TOWN,49.3963806,-103.4107000
AASOE,Middle Arm,TOWN,49.7030277,-56.1148445
FEQRQ,Middlesex,MUN1,42.9997222,-81.4163889
CAZHC,Middleton,TOWN,44.9425770,-65.0681930
FEBJL,Midland,TOWN,44.7502777,-79.8836111
AAOIL,Miles Cove,TOWN,49.5401528,-55.7958777
HALNW,Milestone,TOWN,49.9932583,-104.5177039
IAJZQ,Milk River,TOWN,49.1500000,-112.0866667
AAOJL,Millertown,TOWN,48.8119444,-56.5430555
IAKAM,Millet,TOWN,53.0961111,-113.4727778
ACRWK,Milltown-Head of Bay d'Espoir,TOWN,47.9258920,-55.7442810
FDGEM,Milton,TOWN,43.5055556,-79.9177778
AAOKQ,Ming's Bight,TOWN,49.9747833,-56.0409167
EKTUF,Minganie,MUN1,50.2333330,-63.6000000
GARJY,Minitonas,TOWN,52.0861110,-101.0391700
GARKU,Minnedosa,TOWN,50.2452780,-99.8427780
FELWA,Minto,TOWN,43.9197800,-80.8817700
ERJDS,Mirabel,MUN1,45.6500000,-74.0833330
DBEDJ,Miramichi,CITY,47.0041670,-65.4666670
JCRPZ,Mission,MUN1,49.1591670,-122.2838890
FEAKO,Mississauga,CITY,43.5856600,-79.6571100
FEUXZ,Mississippi Mills,TOWN,45.2550000,-76.2875000
DADHJ,Moncton,CITY,46.0994790,-64.7998020
FELWF,Mono,TOWN,44.0173900,-80.0581000
EJBOJ,Mont-Joli,CITY,48.5833333,-68.1833334
EHHSY,Mont-Laurier,CITY,46.5500000,-75.5000000
ESASU,Mont-Royal,CITY,45.5132220,-73.6417210
EHHVS,Mont-Saint-Hilaire,CITY,45.5651000,-73.1909350
EHHVV,Mont-Saint-Pierre,TOWN,49.2166666,-65.8166667
EQVOI,Mont-Tremblant,CITY,46.1166667,-74.6000000
BABTL,Montague,TOWN,46.1691880,-62.6506810
EKTUD,Montcalm,MUN1,45.9000000,-73.6666667
EKOKZ,Montmagny,CITY,46.9833333,-70.5500000
ENODR,Montréal,MUN1,45.5000000,-73.6833334
ESAWM,Montréal-Est,CITY,45.6313070,-73.4955600
ERCAH,Montréal-Nord,TOWN,45.6000000,-73.6333330
ESAWW,Montréal-Ouest,CITY,45.4500000,-73.6500000
ENODY,Montérégie,MUN1,45.3833333,-73.1000000
HALTS,Moose Jaw,CITY,50.3934194,-105.5519522
HALUK,Moosomin,TOWN,50.1447583,-101.6710000
FEVNX,Moosonee,TOWN,51.3341670,-80.7211110
GASBB,Morden,TOWN,49.1919440,-98.1005560
IALHY,Morinville,TOWN,53.8027778,-113.6438889
GASCI,Morris,TOWN,49.3550000,-97.3650000
AAORU,Morrisville,TOWN,47.8828440,-55.7671580
HALVM,Morse,TOWN,50.4150440,-107.0387390
HALWE,Mossbank,TOWN,49.9396278,-105.9631667
ACRUW,Mount Carmel-Mitchells Brook-St. Catherine's,TOWN,47.1864780,-53.4229920
AAOUG,Mount Moriah,TOWN,48.9583917,-58.0708694
ABFRS,Mount Pearl,CITY,47.5195306,-52.8118056
IATKN,Mountain View County,MUN1,51.6786111,-114.2366667
CBAQK,Mulgrave,TOWN,45.6121560,-61.3917250
IAMFL,Mundare,TOWN,53.5938889,-112.3416667
IAADF,Municipal District of Acadia No. 34,MUN1,51.0819444,-110.2155556
IATHF,Municipal District of Big Lakes No. 125,MUN1,54.3130555,-115.0458333
IASQG,Municipal District of Bighorn No. 8,MUN1,51.3500000,-115.0666667
IATUD,Municipal District of Bonnyville No. 87,MUN1,54.9000000,-111.2166667
IADDN,Municipal District of Fairview No. 136,MUN1,56.0372222,-118.4575000
IATCM,Municipal District of Greenview No. 16,MUN1,55.6666667,-118.0000000
IATHJ,Municipal District of Lesser Slave River No. 124,MUN1,55.2286111,-114.3347222
IATHX,Municipal District of Northern Lights No. 22,MUN1,57.4680560,-117.9997200
IATHW,Municipal District of Opportunity No. 17,MUN1,56.2466670,-113.7925000
IAQHQ,Municipal District of Peace No. 135,MUN1,56.1305556,-117.7522222
IAAEW,Municipal District of Pincher Creek No. 9,MUN1,49.4800000,-114.0450000
IADQE,Municipal District of Provost No. 52,MUN1,52.4047223,-110.6552778
IATHU,Municipal District of Ranchland No. 66,MUN1,49.9322220,-114.4100000
IAAFB,Municipal District of Smoky River No. 130,MUN1,55.6719444,-117.2222222
IAKPT,Municipal District of Spirit River No. 133,MUN1,55.7666666,-118.5138889
IATWW,Municipal District of Taber,MUN1,49.9347222,-112.0750000
IAOQK,Municipal District of Wainwright No. 61,MUN1,52.8433333,-110.7291667
IAAOW,Municipal District of Westlock No. 92,MUN1,54.2533333,-113.8494444
IALRY,Municipal District of Willow Creek No. 26,MUN1,49.9608333,-113.6402778
EHIXC,Murdochville,CITY,48.9666667,-65.5000000
AAOZP,Musgrave Harbour,TOWN,49.4167028,-53.9644222
AAOZT,Musgravetown,TOWN,48.4140306,-53.8921305
FDNNR,Muskoka,MUN1,45.1387000,-79.3495700
EKTUH,Mékinac,MUN1,46.8166667,-72.5166667
EQRUC,Métabetchouan–Lac-à-la-Croix,CITY,48.4333334,-71.8666667
ERKET,Métis-sur-Mer,CITY,48.6835960,-67.9634830
DABIY,Nackawic,TOWN,45.9933000,-67.2200000
HAMAR,Naicam,TOWN,52.4194889,-104.4965889
JAQAL,Nanaimo,CITY,49.1638890,-123.9380560
IAMSK,Nanton,TOWN,50.3500000,-113.7666667
FELWU,Neebing,TOWN,48.1884000,-89.4732000
GASYI,Neepawa,TOWN,50.2288890,-99.4655560
JAYDR,Nelson,CITY,49.4933330,-117.2958330
EQJPR,Neuville,CITY,46.7000000,-71.5833334
CBBJR,New Glasgow,TOWN,45.5893320,-62.6447900
JAZLS,New Hazelton,MUN1,55.2433330,-127.5869440
AAPIU,New Perlican,TOWN,47.9069389,-53.3271000
EKVMF,New Richmond,CITY,48.1666666,-65.8666667
FERXH,New Tecumseth,TOWN,44.0847222,-79.7655555
JAZMR,New Westminster,CITY,49.2066670,-122.9105560
ACGTR,New-Wes-Valley,TOWN,49.1531389,-53.6266722
FDGED,Newmarket,TOWN,44.0579400,-79.4583500
FCFTC,Niagara,MUN1,43.0425000,-79.3005555
FEDBA,Niagara Falls,CITY,43.0601200,-79.1067100
FCFTB,Niagara-on-the-Lake,TOWN,43.2045700,-79.1280600
EHKEW,Nicolet,CITY,46.2263320,-72.6161220
EKTUB,Nicolet-Yamaska,MUN1,46.0666667,-72.8333334
HAMFS,Nipawin,TOWN,53.3571917,-104.0191231
FICVC,Nipissing Ouest,TOWN,46.4471999,-80.0414000
AAPLC,Nippers Harbour,TOWN,49.7933334,-55.8702778
GATGY,Niverville,TOWN,49.6055560,-97.0416670
IANQV,Nobleford,TOWN,49.8813889,-113.0558333
HATOI,Nokomis,TOWN,51.5108167,-105.0068306
ENODT,Nord-du-Québec,MUN1,56.1666670,-74.4166670
FEVUA,Norfolk County,TOWN,42.8033330,-80.4086110
LARCU,Norman Wells,TOWN,65.2811000,-126.8316000
ABQOM,Norman's Cove-Long Cove,TOWN,47.5459305,-53.6899055
EJJIM,Normandin,CITY,48.8333334,-72.5333333
HAMHE,Norquay,TOWN,51.8841475,-102.0894306
AAPNF,Norris Arm,TOWN,49.0773444,-55.2379028
ACCRG,Norris Point,TOWN,49.5194444,-57.8725000
HAMHJ,North Battleford,CITY,52.7574361,-108.2861667
FCFUU,North Bay,CITY,46.3144440,-79.4591670
JDMAG,North Coast Regional District,MUN1,53.7500000,-132.0000000
JBEKR,North Cowichan,MUN1,48.8247220,-123.7197220
EKVMG,North Hatley,TOWN,45.2833333,-71.9666667
FEUUM,North Perth,TOWN,43.7250000,-80.9672222
AAPVG,North River,TOWN,47.5434500,-53.3130305
BABYB,North Rustico,TOWN,46.4583140,-63.3129950
JBEOR,North Saanich,MUN1,48.6563890,-123.4322220
JBFRV,North Vancouver,CITY,49.3205560,-123.0738890
AAQAF,North West River,TOWN,53.5354500,-60.1440055
FEUSW,Northeastern Manitoulin and the Islands,TOWN,45.8714500,-82.1012500
AAPRK,Northern Arm,TOWN,49.1861222,-55.3862583
JDIGS,Northern Rockies Regional Municipality,MUN1,58.8038890,-122.7066670
IAUFU,Northern Sunrise County,MUN1,56.6388889,-116.0744444
FAYJJ,Northumberland,MUN1,44.1307700,-78.0034700
ESACY,Notre-Dame-de-l'Île-Perrot,CITY,45.3500220,-73.9026330
ESACL,Notre-Dame-des-Prairies,CITY,46.0500000,-73.4333330
EHLEO,Notre-Dame-du-Bon-Conseil,TOWN,46.0000000,-72.3500000
BABYS,O'Leary,TOWN,46.7071640,-64.2268380
JBFVL,Oak Bay,MUN1,48.4258330,-123.3180560
GATVL,Oak Lake,TOWN,49.7663890,-100.6280600
FCGKZ,Oakville,TOWN,43.4564900,-79.7137800
HANDC,Ogema,TOWN,49.5736417,-104.9155639
IANAR,Okotoks,TOWN,50.7261111,-113.9775000
AAQHY,Old Perlican,TOWN,48.0871306,-52.9944472
IAONC,Olds,TOWN,51.7919444,-114.1075000
JBHDU,Oliver,TOWN,49.1825000,-119.5508330
FDGEB,Orangeville,TOWN,43.9152778,-80.1086111
FDMLQ,Orillia,CITY,44.6043000,-79.4239200
DATWJ,Oromocto,TOWN,45.8476020,-66.4708510
FDMOP,Oshawa,CITY,43.9005555,-78.8572222
HAMMU,Osler,TOWN,52.3668300,-106.5322100
JBHJG,Osoyoos,TOWN,49.0325000,-119.4683330
FEVNT,Ottawa,CITY,45.3333900,-75.5842900
EKVMJ,Otterburn Park,CITY,45.5410990,-73.1883770
ENODP,Outaouais,MUN1,46.2666670,-76.3166670
HANHK,Outlook,TOWN,51.4890194,-107.0526617
ERBZW,Outremont,TOWN,45.5180556,-73.6111111
FDGEE,Owen Sound,CITY,44.5698100,-80.9306700
HANZT,Oxbow,TOWN,49.2299167,-102.1692733
FACJL,Oxford,MUN1,43.1337300,-80.8329000
CBCTP,Oxford,TOWN,45.7363220,-63.8672920
IANYJ,Oyen,TOWN,51.3527778,-110.4833333
AAQON,Pacquet,TOWN,49.9924750,-55.8973083
EKTTZ,Papineau,MUN1,45.8833334,-75.0500000
AAQPU,Paradise,TOWN,47.5346416,-52.8839778
AAQQT,Parkers Cove,TOWN,47.3984917,-54.8605778
IATHQ,Parkland County,MUN1,53.4827780,-114.3694400
JCCAG,Parksville,CITY,49.3180560,-124.3113890
FDSUS,Parry Sound,TOWN,45.3538889,-80.0361111
AAQRQ,Parson's Pond,TOWN,50.0369278,-57.6969917
ABAOL,Pasadena,TOWN,49.0119334,-57.5684833
EQSNP,Paspébiac,CITY,48.0333334,-65.2500000
IAEWL,Peace River,TOWN,56.2358334,-117.2986111
JDCDC,Peace River Regional District,MUN1,56.6666670,-122.7500000
JCVCF,Peachland,MUN1,49.7738890,-119.7363890
FAYJM,Peel,MUN1,43.7527778,-79.7925000
FDNRC,Pelham,TOWN,43.0485800,-79.3384700
FCHOC,Pembroke,CITY,45.8205556,-77.1111111
FDLHA,Penetanguishene,TOWN,44.7838889,-79.9000000
IAQKF,Penhold,TOWN,52.1369444,-113.8730556
JCVCH,Penticton,CITY,49.5008330,-119.5938890
EHPAM,Percé,CITY,48.5239020,-64.2107380
FCCRW,Perth,MUN1,43.5005555,-81.0841667
FEVJV,Petawawa,TOWN,45.8838889,-77.3177778
FDGEJ,Peterborough,CITY,44.3011111,-78.3333334
AAQYM,Peterview,TOWN,49.1074583,-55.3388167
FDSJE,Petrolia,TOWN,42.8861111,-82.1441667
ABQOI,Petty Harbour-Maddox Cove,TOWN,47.4731556,-52.7071833
FAASQ,Pickering,TOWN,43.9068800,-79.1309700
CBUCJ,Pictou,MUN1,45.5000740,-62.5826440
IABJB,Picture Butte,TOWN,49.8769444,-112.7797222
ESBIG,Pierre-De Saurel,MUN1,45.9666670,-73.0000000
ESASC,Pierrefonds-Roxboro,TOWN,45.4777780,-73.8583330
AAREE,Pilley's Island,TOWN,49.5277056,-55.7158528
HAHMS,Pilot Butte,TOWN,50.4770417,-104.4173086
GAVPO,Pilot Mound,TOWN,49.2013890,-98.8938890
IABJX,Pincher Creek,TOWN,49.4852778,-113.9475000
EHQVA,Pincourt,CITY,45.3570910,-73.9822020
AARGO,Pinware,TOWN,51.6219444,-56.7138889
JBEBY,Pitt Meadows,CITY,49.2205560,-122.6902780
AARHJ,Placentia,TOWN,47.2705222,-53.9050916
EHRNQ,Plessisville,CITY,46.2187290,-71.7717210
GAVXA,Plum Coulee,TOWN,49.1911110,-97.7605560
FEVHN,Plympton-Wyoming,TOWN,43.0198000,-82.1059800
EHRSD,Pohénégamook,CITY,47.4570660,-69.2402850
AARJK,Point Lance,TOWN,46.8261611,-54.0850250
AARJL,Point Leamington,TOWN,49.3198666,-55.4141000
AARJN,Point May,TOWN,46.9452555,-55.9358056
ABDIY,Point au Gaul,TOWN,46.8671222,-55.7472111
AARJP,Point of Bay,TOWN,49.2770277,-55.2679083
ESAXY,Pointe-Claire,CITY,45.4500000,-73.8166670
EHRVT,Pointe-Fortune,TOWN,45.5666666,-74.3833333
EHRVZ,Pointe-Lebel,TOWN,49.1666667,-68.2000000
EHRUE,Pointe-aux-Outardes,TOWN,49.0500000,-68.4333333
EHRVJ,Pointe-des-Cascades,TOWN,45.3333333,-73.9666667
IABXV,Ponoka,TOWN,52.6750000,-113.5800000
IATWS,Ponoka County,MUN1,52.7125000,-113.8497222
EQFWN,Pont-Rouge,CITY,46.7568380,-71.6949190
HAARB,Ponteix,TOWN,49.7447333,-107.4872389
EKTTY,Pontiac,MUN1,46.0500000,-76.9166667
AARLO,Pool's Cove,TOWN,47.6825500,-55.4343944
HAHQB,Porcupine Plain,TOWN,52.5957889,-103.2542528
JBIEL,Port Alberni,CITY,49.2344440,-124.8058330
AARNF,Port Anson,TOWN,49.5366639,-55.8520028
AARNN,Port Blandford,TOWN,48.3414861,-54.1775472
FCHYP,Port Colborne,CITY,42.9155556,-79.1930555
JBFQD,Port Coquitlam,CITY,49.2619440,-122.7802780
JCNWD,Port Edward,MUN1,54.2205560,-130.2894440
JBVKW,Port Hardy,MUN1,50.7244440,-127.4980560
CBELL,Port Hawkesbury,TOWN,45.6164620,-61.3562620
FEZYL,Port Hope,TOWN,44.0283334,-78.3875000
AARNV,Port Hope Simpson,TOWN,52.5433334,-56.2977778
ABDIJ,Port Kirwan,TOWN,46.9822056,-52.9176361
JBWOT,Port McNeill,TOWN,50.5894440,-127.0836110
JBCVD,Port Moody,CITY,49.2822220,-122.8294440
AAROF,Port Rexton,TOWN,48.3995278,-53.3245444
AAROJ,Port Saunders,TOWN,50.6620167,-57.2538723
AARNH,Port au Choix,TOWN,50.7050139,-57.3270028
ABTQR,Port au Port East,TOWN,48.5804306,-58.6711361
AARNM,Port au Port West-Aguathuna-Felix Cove,TOWN,48.5462500,-58.7731222
EHSPH,Port-Cartier,CITY,50.0187850,-66.8753820
GAWDD,Portage la Prairie,CITY,49.9727780,-98.2919440
EHSON,Portage-du-Fort,TOWN,45.6000000,-76.6666667
EHSQV,Portneuf,CITY,46.6908080,-71.8888630
AAROP,Portugal Cove South,TOWN,46.7044445,-53.2561111
ACGPK,Portugal Cove-St. Philip's,TOWN,47.6254028,-52.8380222
ACGAT,Pouch Cove,TOWN,47.7464916,-52.7774333
FEVNK,Powassan,TOWN,46.0547220,-79.3452780
JCVCI,Powell River,CITY,49.8355560,-124.5244440
GBSKK,Powerview-Pine Falls,TOWN,50.5672220,-96.1969440
HAHRR,Preeceville,TOWN,51.9580222,-102.6673164
FCIJQ,Prescott,TOWN,44.7120100,-75.5168300
EHTEI,Price,TOWN,48.6000000,-68.1166666
HAPNV,Prince Albert,CITY,53.1995170,-105.7600940
FEQSA,Prince Edward,CITY,44.0230555,-77.2558334
JBLVS,Prince George,CITY,53.9130560,-122.7452780
JCNWW,Prince Rupert,CITY,54.3127780,-130.3252780
JCCXO,Princeton,TOWN,49.4602780,-120.5077780
EHTFR,Princeville,CITY,46.1715930,-71.8757070
IADQF,Provost,TOWN,52.3533333,-110.2647222
EQSNQ,Prévost,CITY,45.8581550,-74.0697570
HAIHZ,Qu'Appelle,TOWN,50.5425111,-103.8735111
JBNOZ,Qualicum Beach,TOWN,49.3480560,-124.4438890
CBUCK,Queens,MUN1,44.2334120,-64.9993980
JBNTS,Quesnel,CITY,52.9797220,-122.4936110
FEUSX,Quinte West,CITY,44.1963888,-77.5819445
DAVTW,Quispamsis,TOWN,45.4457360,-65.9287360
ERJDU,Québec,MUN1,46.8166670,-71.2166670
HAIIV,Radisson,TOWN,52.4629417,-107.3954639
HAIIY,Radville,TOWN,49.4609861,-104.2973611
IAEGE,Rainbow Lake,TOWN,58.5044444,-119.4002778
FCJJL,Rainy River,TOWN,48.7219444,-94.5636111
ABIRK,Raleigh,TOWN,51.5588889,-55.7286111
ABIRS,Ramea,TOWN,47.5206972,-57.3944695
GAWOZ,Rapid City,TOWN,50.1208330,-100.0358300
IAEIX,Raymond,TOWN,49.4650000,-112.6611111
HATOY,Raymore,TOWN,51.4088111,-104.5265667
ABGRO,Red Bay,TOWN,51.7327778,-56.4277778
IAEJS,Red Deer,CITY,52.2686111,-113.8102778
IATWT,Red Deer County,MUN1,52.1141667,-113.7661111
AATHI,Red Harbour,TOWN,47.2927334,-55.0022250
FEBXK,Red Lake,TOWN,51.0994440,-93.7225000
IAEJQ,Redcliff,TOWN,50.0775000,-110.7855556
HAIMA,Redvers,TOWN,49.5704222,-101.7023506
IAEKV,Redwater,TOWN,53.9508334,-113.1075000
HAIMP,Regina,CITY,50.4548389,-104.6066083
HAIMQ,Regina Beach,TOWN,50.7863861,-104.9744167
JCVBN,Regional District of Alberni-Clayoquot,MUN1,49.2500000,-125.3333300
JCVBO,Regional District of Bulkley-Nechako,MUN1,54.5000000,-125.6666700
JCVBT,Regional District of Central Kootenay,MUN1,49.9166670,-117.5000000
JCVBU,Regional District of Central Okanagan,MUN1,50.0000000,-119.4166700
JCVBV,Regional District of East Kootenay,MUN1,49.9166670,-115.7500000
JBUCE,Regional District of Fraser-Fort George,MUN1,53.7000000,-121.2500000
JBUEZ,Regional District of Kitimat-Stikine,MUN1,55.3333330,-129.0000000
JCVBW,Regional District of Kootenay-Boundary,MUN1,49.3333330,-118.7500000
JBKEB,Regional District of Mount Waddington,MUN1,50.7500000,-127.0000000
JAQAM,Regional District of Nanaimo,MUN1,49.2500000,-124.3333300
JBIHF,Regional District of North Okanagan,MUN1,50.4166670,-118.7500000
JBIHW,Regional District of Okanagan-Similkameen,MUN1,49.4166670,-120.0000000
AATHK,Reidville,TOWN,49.2595195,-57.3674916
AATHU,Rencontre East,TOWN,47.6375000,-55.2152780
ABQOJ,Renews-Cappahayden,TOWN,46.8980555,-52.9477778
FCKPW,Renfrew,TOWN,45.4732000,-76.6828200
EHVPH,Repentigny,CITY,45.7419660,-73.4512860
JBHTI,Revelstoke,CITY,50.9988890,-118.1958330
EHVWD,Richelieu,CITY,45.4500000,-73.2500000
DAXCB,Richibucto,TOWN,46.6810710,-64.8689520
EHVWU,Richmond,CITY,45.6666667,-72.1500000
JBJFI,Richmond,CITY,49.1633330,-123.1633330
CBUCL,Richmond,MUN1,45.6500720,-60.7659140
FCKYR,Richmond Hill,TOWN,43.8747222,-79.4394444
EQFAO,Rigaud,CITY,45.4833334,-74.3000000
IAEYK,Rimbey,TOWN,52.6391667,-114.2366667
EJNFL,Rimouski,CITY,48.4500000,-68.5333333
EKTTW,Rimouski-Neigette,MUN1,48.3333333,-68.6666667
AATKY,River of Ponds,TOWN,50.5303944,-57.3829889
AATKS,Riverhead,TOWN,46.9934694,-53.4833000
GAXDB,Rivers,TOWN,50.0308330,-100.2394400
DBBTG,Riverview,TOWN,46.0544440,-64.8172220
FEUZU,Rivière des Français,TOWN,46.1422221,-80.4813889
ERGUQ,Rivière-Rouge,CITY,46.4166667,-74.8666666
ESAPD,Rivière-des-Prairies–Pointe-aux-Trembles,TOWN,45.6500000,-73.5166670
EQRRW,Rivière-du-Loup,CITY,47.8333333,-69.5333333
AATLJ,Robert's Arm,TOWN,49.4766556,-55.8347694
EHWMB,Roberval,CITY,48.5177710,-72.2219960
GAXGH,Roblin,TOWN,51.2300000,-101.3555600
HAJEY,Rocanville,TOWN,50.3818370,-101.7006170
ERGEJ,Rock Forest–Saint-Élie–Deauville,TOWN,45.3708333,-72.0416667
HAJFN,Rockglen,TOWN,49.1812240,-105.9511690
ACCRH,Rocky Harbour,TOWN,49.5944445,-57.9194445
IAFOG,Rocky Mountain House,TOWN,52.3747222,-114.9219444
IBABI,Rocky View County,MUN1,51.1833330,-114.0666670
ACRUY,Roddickton-Bide Arm,TOWN,50.8485570,-56.1106370
ABQOL,Rose Blanche-Harbour Le Cou,TOWN,47.6210222,-58.6902471
HAQPJ,Rose Valley,TOWN,52.2930167,-103.8095917
ERCBO,Rosemont–La Petite-Patrie,TOWN,45.5611111,-73.5902778
EHXLV,Rosemère,CITY,45.6390410,-73.7850800
HAJHC,Rosetown,TOWN,51.5548472,-107.9901833
GAXOC,Rossburn,TOWN,50.6691670,-100.8111100
JBMYM,Rossland,CITY,49.0769440,-117.8022220
HAJHV,Rosthern,TOWN,52.6626306,-106.3338164
DACOY,Rothesay,TOWN,45.3802780,-65.9686110
HAJIC,Rouleau,TOWN,50.1903444,-104.9074056
EKTTT,Roussillon,MUN1,45.3666666,-73.5666667
EKTTS,Rouville,MUN1,45.4333334,-73.0500000
EQKCH,Rouyn-Noranda,CITY,48.2333330,-79.0166670
EKVHK,Roxton Falls,TOWN,45.5666667,-72.5166667
AAUWQ,Rushoon,TOWN,47.3513028,-54.9201111
GAXTQ,Russell,TOWN,50.7808330,-101.2838900
JAXME,Saanich,MUN1,48.4566670,-123.3733330
DAEAM,Sackville,TOWN,45.9186110,-64.3858330
IATWV,Saddle Hills County,MUN1,55.8544444,-119.9166667
ERJDW,Saguenay,MUN1,48.4166670,-71.0666670
ENOEA,Saguenay–Lac-Saint-Jean,MUN1,49.8666670,-71.7500000
DAEBC,Saint Andrews,TOWN,45.0799070,-67.0583730
DAEGW,Saint John,CITY,45.2591670,-66.0388890
EKQRD,Saint-Amable,CITY,45.6500000,-73.3000000
DBESU,Saint-André,MUN1,47.1346030,-67.7453090
EHYTA,Saint-André-du-Lac-Saint-Jean,TOWN,48.3166667,-71.9833334
ERDPU,Saint-Augustin-de-Desmaures,CITY,46.7468660,-71.4594360
EQUNQ,Saint-Basile,CITY,46.7565220,-71.8257460
EHYWL,Saint-Basile-le-Grand,CITY,45.5333333,-73.2833334
ESCLU,Saint-Bruno-de-Montarville,CITY,45.5260070,-73.3405910
EHYZG,Saint-Charles-Borromée,CITY,46.0500000,-73.4666667
ESBIJ,Saint-Colomban,CITY,45.7333330,-74.1333330
EHZAG,Saint-Constant,CITY,45.3666666,-73.5666667
EPIKB,Saint-Célestin,TOWN,46.2166666,-72.4333334
EHYYK,Saint-Césaire,CITY,45.4166667,-73.0000000
EHZSF,Saint-Eustache,CITY,45.5576220,-73.8886380
EQITB,Saint-Félicien,CITY,48.6500000,-72.4500000
EHZVB,Saint-Gabriel,CITY,46.3000000,-73.3833333
EJBSM,Saint-Georges,CITY,46.1166667,-70.6666666
ESIYG,Saint-Honoré,CITY,48.5333333,-71.0833333
ERCBW,Saint-Hubert,TOWN,45.4875000,-73.4291670
EHZZL,Saint-Hyacinthe,CITY,45.6259020,-72.9464630
EJIXZ,Saint-Jean-sur-Richelieu,CITY,45.3056720,-73.2538130
EIAFV,Saint-Joseph-de-Beauce,CITY,46.3075550,-70.8795820
EIAGL,Saint-Joseph-de-Sorel,CITY,46.0422222,-73.1258333
ELCQF,Saint-Jérôme,CITY,45.7752520,-74.0037080
ESAEH,Saint-Lambert,CITY,45.5000000,-73.5166670
ERCAG,Saint-Laurent,TOWN,45.5069444,-73.6888889
ERAZW,Saint-Lazare,CITY,45.4000000,-74.1333334
EQVME,Saint-Lin–Laurentides,CITY,45.8516910,-73.7556630
DBDVO,Saint-Léonard,TOWN,47.1625000,-67.9250000
ERCAF,Saint-Léonard,TOWN,45.5916667,-73.6000000
ESBCI,Saint-Marc-des-Carrières,CITY,46.6833330,-72.0500000
EIAPM,Saint-Noël,TOWN,48.5833333,-67.8333333
EIAQQ,Saint-Ours,CITY,45.8886111,-73.1505556
EIAQW,Saint-Pamphile,CITY,46.9666670,-69.7833330
EIARB,Saint-Pascal,CITY,47.5282820,-69.8079000
ESJWG,Saint-Philippe,CITY,45.3721790,-73.4907380
EQWOC,Saint-Pie,CITY,45.5000000,-72.9000000
EIAVK,Saint-Pierre,TOWN,46.0166666,-73.4666667
DAEGG,Saint-Quentin,TOWN,47.5135480,-67.3922850
EQAMA,Saint-Raymond,CITY,46.8914350,-71.8325490
EIAXC,Saint-Rémi,CITY,45.2666667,-73.6166666
ERGWK,Saint-Sauveur,CITY,45.8957460,-74.1531550
EQQZM,Saint-Tite,CITY,46.7333334,-72.5666666
EQMGV,Sainte-Adèle,CITY,45.9500000,-74.1333334
EQQZN,Sainte-Agathe-des-Monts,CITY,46.0500000,-74.2833333
EHZFI,Sainte-Anne-de-Beaupré,CITY,47.0160190,-70.9478880
ESAVC,Sainte-Anne-de-Bellevue,CITY,45.4000000,-73.9500000
EQXNR,Sainte-Anne-des-Monts,CITY,49.1300100,-66.4876690
EMVQR,Sainte-Anne-des-Plaines,CITY,45.7666667,-73.8166666
ESIPN,Sainte-Brigitte-de-Laval,CITY,47.0000000,-71.2000000
EHZGS,Sainte-Catherine,CITY,45.4054720,-73.5715410
EQVUG,Sainte-Catherine-de-la-Jacques-Cartier,CITY,46.8500000,-71.6166667
ESFTM,Sainte-Foy–Sillery–Cap-Rouge,TOWN,46.7666670,-71.3083330
EHZKV,Sainte-Jeanne-d'Arc,TOWN,48.8666667,-72.0833333
EJBSN,Sainte-Julie,CITY,45.5876710,-73.3261490
EHZME,Sainte-Madeleine,TOWN,45.6000000,-73.1000000
ESBEH,Sainte-Marguerite-du-Lac-Masson,CITY,46.0333330,-74.0500000
EHZNF,Sainte-Marie,CITY,46.4383800,-71.0213100
EHZOD,Sainte-Marthe-sur-le-Lac,CITY,45.5333333,-73.9333333
EJLJK,Sainte-Pétronille,TOWN,46.8500000,-71.1333334
EHZQS,Sainte-Thérèse,CITY,45.6401440,-73.8430880
EKJCM,Salaberry-de-Valleyfield,CITY,45.2500000,-74.1333334
AAWWJ,Sally's Cove,TOWN,49.7238667,-57.9310944
JCJTJ,Salmon Arm,CITY,50.7013890,-119.2780560
AAWWR,Salmon Cove,TOWN,47.7800306,-53.1732472
HAHGX,Saltcoats,TOWN,51.0406472,-102.1669233
AAZSA,Salvage,TOWN,48.6732139,-53.6629333
AAZTS,Sandringham,TOWN,48.6589444,-53.8274778
AAZUD,Sandy Cove,TOWN,48.6475861,-53.7085834
FEARV,Sarnia,CITY,42.9813889,-82.3177777
HAHJJ,Saskatoon,CITY,52.1396500,-106.6861833
FEVEK,Saugeen Shores,TOWN,44.4056200,-81.3745500
FDZCP,Sault Ste. Marie,CITY,46.5588890,-84.3469440
ACRUZ,Savage Cove - Sandy Cove,TOWN,51.3302450,-56.6841060
EICJR,Schefferville,CITY,54.8005190,-66.8211020
EICMA,Scotstown,CITY,45.5236210,-71.2809020
HAHZG,Scott,TOWN,52.3655833,-108.8278556
AASAX,Seal Cove,TOWN,49.9313500,-56.3734720
JBGFG,Sechelt,MUN1,49.4716670,-123.7633330
IAHHS,Sedgewick,TOWN,52.7747223,-111.6927778
GAYRY,Selkirk,CITY,50.1436110,-96.8838890
EICUR,Senneterre,CITY,48.3904350,-77.2404520
ESALT,Senneville,TOWN,45.4166670,-73.9500000
EKTZB,Sept-Rivières,MUN1,50.1333334,-66.6166666
EJNFQ,Sept-Îles,CITY,50.2166670,-66.3833330
IAHJF,Sexsmith,TOWN,55.3502778,-118.7816667
ESKJV,Shannon,CITY,46.8833333,-71.5166666
HAOOS,Shaunavon,TOWN,49.6503486,-108.4159917
ERJDX,Shawinigan,MUN1,46.5666670,-72.7500000
DACUC,Shediac,TOWN,46.2212720,-64.5397670
CBIKP,Shelburne,TOWN,43.7632150,-65.3235070
FDJFL,Shelburne,TOWN,44.0763889,-80.2044445
HAIDH,Shellbrook,TOWN,53.2203306,-106.3885444
EIDHN,Sherbrooke,CITY,45.4000000,-71.9000000
DAGLX,Shippagan,TOWN,47.7355560,-64.7236110
GAZBY,Shoal Lake,TOWN,50.4377780,-100.5911100
JBIQR,Sicamous,MUN1,50.8361110,-118.9800000
JBWFW,Sidney,TOWN,48.6505560,-123.3983330
FCOKR,Simcoe,MUN1,44.4479400,-79.6926100
HAIUT,Sintaluta,TOWN,50.4769000,-103.4496750
FEVJU,Sioux Lookout,TOWN,50.0905556,-91.9988889
IAIJK,Slave Lake,TOWN,55.2822222,-114.7702778
ACRCY,Small Point-Adam's Cove-Blackhead-Broad Cove,TOWN,47.8470080,-53.1276780
JBMQO,Smithers,TOWN,54.7791670,-127.1761110
FCPKN,Smiths Falls,TOWN,44.9011111,-76.0194445
IAJND,Smoky Lake,TOWN,54.1166666,-112.4666667
IATWU,Smoky Lake County,MUN1,54.2388889,-112.2500000
FCPNK,Smooth Rock Falls,TOWN,49.2781700,-81.6262900
GAZRZ,Snow Lake,TOWN,54.8788890,-100.0366700
JBJCT,Sooke,MUN1,48.3827780,-123.7319440
EQVKY,Sorel-Tracy,CITY,46.0436111,-73.1130556
BACII,Souris,TOWN,46.3544620,-62.2516400
GAZUK,Souris,TOWN,49.6172220,-100.2602800
AAVAR,South Brook,TOWN,49.4029722,-56.0896750
FEVEH,South Bruce Peninsula,TOWN,44.7052780,-81.2186110
FEVIJ,South Huron,TOWN,43.3164600,-81.5048500
AAVXX,South River,TOWN,47.5320889,-53.2680833
ABTMX,Southern Harbour,TOWN,47.7223584,-53.9534666
HAIZZ,Southey,TOWN,50.9428722,-104.4996056
JBKZV,Spallumcheen,MUN1,50.4025000,-119.2175000
AAYZF,Spaniard's Bay,TOWN,47.6180528,-53.3369778
JBMPJ,Sparwood,MUN1,49.7333330,-114.8858330
IATWX,Specialized Municipality of Mackenzie No. 23,MUN1,58.7255556,-117.0283333
IAKPR,Spirit River,TOWN,55.7786111,-118.8366667
HAEFW,Spiritwood,TOWN,53.3664970,-107.5173100
AAZCY,Springdale,TOWN,49.5119027,-56.0642695
HAJSH,Springside,TOWN,51.3447722,-102.7423056
IAKRM,Spruce Grove,CITY,53.5538889,-113.9022222
JCVCJ,Squamish,MUN1,49.6980560,-123.1558330
JCVBY,Squamish-Lillooet Regional District,MUN1,50.4999999,-123.0000000
AAWBI,St. Alban's,TOWN,47.8772220,-55.8493360
IAGHN,St. Albert,CITY,53.6369444,-113.6202778
AAWBN,St. Anthony,TOWN,51.3749360,-55.6164050
ACGPE,St. Bernard's-Jacques Fontaine,TOWN,47.5195028,-54.9091917
AAWCD,St. Brendan's,TOWN,48.8580500,-53.6660305
AAWCE,St. Bride's,TOWN,46.9208334,-54.1711111
HAHFL,St. Brieux,TOWN,52.6384240,-104.8850810
FDJFN,St. Catharines,CITY,43.1654400,-79.2533000
DAEDP,St. George,TOWN,45.1320140,-66.8202320
AAWDE,St. George's,TOWN,48.4152861,-58.4943917
ABQOK,St. Jacques-Coomb's Cove,TOWN,47.4708222,-55.5418222
ABEFS,St. John's,CITY,47.4821970,-52.7970690
AAWEX,St. Joseph's,TOWN,47.0921500,-53.5157889
AAWFL,St. Lawrence,TOWN,46.9079170,-55.4045140
AAYPN,St. Lewis,TOWN,52.3724528,-55.7012583
ABFUB,St. Lunaire-Griquet,TOWN,51.5205361,-55.4808889
AAWFZ,St. Mary's,TOWN,46.9135056,-53.5317416
CBUCX,St. Mary's,MUN1,45.2000740,-62.1826310
FEBWI,St. Marys,TOWN,43.2594445,-81.1330556
IAGIL,St. Paul,TOWN,53.9927777,-111.2961111
AAWGY,St. Pauls,TOWN,49.8636667,-57.8059806
ACRWJ,St. Shott's,TOWN,46.6322220,-53.5866670
DAZBZ,St. Stephen,TOWN,45.1802780,-67.2963890
FDTCR,St. Thomas,CITY,42.7808333,-81.1855555
ABXCE,St. Vincent's-St. Stephen's-Peter's River,TOWN,46.7794278,-53.5835861
HAHGH,St. Walburg,TOWN,53.6295640,-109.2000310
FEVEE,St.-Charles,TOWN,46.3505556,-80.4736111
BAEXG,"Stanley Bridge, Hope River, Bayview, Cavendish and North Rustico",MUN1,46.4805560,-63.3922220
EQBIF,Stanstead,CITY,45.0166667,-72.1000000
HAJUA,Star City,TOWN,52.8618111,-104.3317222
IATUB,Starland County,MUN1,51.6533333,-112.5736111
IAKTN,Stavely,TOWN,50.1611111,-113.6416667
GAXXF,Ste. Anne,TOWN,49.6697219,-96.6494439
GAXXQ,Ste. Rose du Lac,TOWN,51.0594440,-99.5233330
AAXXV,Steady Brook,TOWN,48.9583945,-57.8184528
GBAML,Steinbach,CITY,49.5258330,-96.6838890
CBKMC,Stellarton,TOWN,45.5593730,-62.6598560
AAXZD,Stephenville,TOWN,48.5476139,-58.5475556
AAXZC,Stephenville Crossing,TOWN,48.5288028,-58.4553583
IAKUR,Stettler,TOWN,52.3238889,-112.7044444
JCOQV,Stewart,MUN1,55.9383330,-129.9911110
CBKOM,Stewiacke,TOWN,45.1385170,-63.3460970
GBAQH,Stonewall,TOWN,50.1344440,-97.3261110
IALSL,Stony Plain,TOWN,53.5263889,-114.0069444
HAOAO,Stoughton,TOWN,49.6773083,-103.0281278
HAJYP,Strasbourg,TOWN,51.0702806,-104.9555028
BAEWW,Stratford,TOWN,46.2177780,-63.0808330
FCTBX,Stratford,CITY,43.3725000,-80.9763889
IATHO,Strathcona County,MUN1,53.5775000,-113.0616667
JDIBU,Strathcona Regional District,MUN1,50.2500000,-125.5000000
IALTU,Strathmore,TOWN,51.0455556,-113.3930556
EIFCW,Stukely-Sud,TOWN,45.3166667,-72.4166667
IATJQ,Sturgeon County,MUN1,53.8180556,-113.5200000
HAMWA,Sturgis,TOWN,51.9404778,-102.5441722
AAYEU,Summerford,TOWN,49.4971028,-54.7829500
JAXVL,Summerland,MUN1,49.6022220,-119.6819440
BADSZ,Summerside,CITY,46.3958330,-63.7888890
IAMOD,Sundre,TOWN,51.7955555,-114.6377778
AAYFS,Sunnyside,TOWN,47.8710584,-53.9124861
JBQWM,Sunshine Coast Regional District,MUN1,49.9999999,-123.7499999
JAZBU,Surrey,CITY,49.1116670,-122.8275000
DASFF,Sussex,TOWN,45.7235340,-65.5103940
EIFMF,Sutton,CITY,45.1000000,-72.6166667
IAMQE,Swan Hills,TOWN,54.7166666,-115.4016667
GBBDR,Swan River,TOWN,52.1058330,-101.2666700
HAPKT,Swift Current,CITY,50.2881611,-107.7938944
IAMRT,Sylvan Lake,TOWN,52.3088888,-114.0977778
IAAFM,Taber,TOWN,49.7847500,-112.1509720
EIFTL,Tadoussac,TOWN,48.1500000,-69.7166667
JBGWZ,Taylor,MUN1,56.1591670,-120.6866670
FEVJO,Tecumseh,TOWN,42.2430555,-82.9255556
FCVJJ,Temagami,TOWN,47.0640291,-79.7917297
FETFQ,Temiskaming Shores,CITY,47.4936111,-79.7152778
AASJN,Terra Nova,TOWN,48.5025000,-54.2144445
JBXCK,Terrace,CITY,54.5163890,-128.5997220
EIGOG,Terrebonne,CITY,45.6915380,-73.6343020
AASJS,Terrenceville,TOWN,47.6599560,-54.7069300
GBBLY,Teulon,TOWN,50.3858330,-97.2611110
HBAFE,The District of Lakeland No. 521,MUN1,53.6408255,-105.9043391
GBBOH,The Pas,TOWN,53.8250000,-101.2533300
FDNRS,Thessalon,TOWN,46.2608333,-83.5530555
EPXXJ,Thetford Mines,CITY,46.0889080,-71.3019520
GBBRP,Thompson,CITY,55.7433330,-97.8552780
JBWRD,Thompson-Nicola Regional District,MUN1,51.0000000,-120.5000000
IBACU,Thorhild County,MUN1,54.2450000,-113.0497220
FBUTH,Thorold,CITY,43.0722222,-79.2233333
IAMTX,Thorsby,TOWN,53.2269445,-114.0480556
IAMUB,Three Hills,TOWN,51.7030555,-113.2686111
FCWFX,Thunder Bay,CITY,48.4013889,-89.2677778
EIHFC,Thurso,CITY,45.6000000,-75.2500000
EKTTN,Thérèse-De Blainville,MUN1,45.6666667,-73.8833334
BAEGT,Tignish,TOWN,46.9504930,-64.0335830
FCWKJ,Tillsonburg,TOWN,42.8679400,-80.7307000
ABILS,Tilt Cove,TOWN,49.8861111,-55.6269444
FCWMG,Timmins,CITY,48.4715300,-81.3313200
HANSL,Tisdale,TOWN,52.8490500,-104.0490972
IANTB,Tofield,TOWN,53.3708333,-112.6658333
JBLHI,Tofino,MUN1,49.1530560,-125.9044440
AATYK,Torbay,TOWN,47.6591278,-52.7531750
FEUZB,Toronto,CITY,43.7417000,-79.3733000
DBDVR,Tracadie-Sheila,TOWN,47.5144440,-64.9180560
JBNDK,Trail,CITY,49.0944440,-117.7091670
AAUAO,Traytown,TOWN,48.6610639,-53.9783417
GBSLH,Treherne,TOWN,49.6294440,-98.6977780
CBMHO,Trenton,TOWN,45.6105200,-62.6393710
AAUAT,Trepassey,TOWN,46.7467580,-53.3636250
EIIOY,Tring-Jonction,TOWN,46.2666667,-70.9833333
AAUBG,Trinity,TOWN,48.3754666,-53.3946583
ACKMY,Trinity Bay North,TOWN,48.5015060,-53.0814530
ABJYL,Triton,TOWN,49.5183250,-55.6198750
IAOUD,Trochu,TOWN,51.8286111,-113.2280556
EIITL,Trois-Pistoles,CITY,48.1256020,-69.1753630
EIITR,Trois-Rivières,CITY,46.3430770,-72.5433830
AAUDB,Trout River,TOWN,49.4739333,-58.1252917
CBMKT,Truro,TOWN,45.3649590,-63.2798470
JBRUW,Tumbler Ridge,MUN1,55.1261110,-120.9980560
HANWQ,Turtleford,TOWN,53.3878806,-108.9593833
AAVJK,Twillingate,TOWN,49.6443111,-54.7436166
IAOXK,Two Hills,TOWN,53.7111111,-111.7447222
EIGKH,Témiscaming,CITY,46.7220710,-79.0931160
EKTTP,Témiscamingue,MUN1,47.5500000,-79.2333330
EKTTO,Témiscouata,MUN1,47.6833333,-68.8833333
ESFRG,Témiscouata-sur-le-Lac,CITY,47.6833330,-68.8833330
JBRMW,Ucluelet,MUN1,48.9427780,-125.5461110
FBKBQ,United Counties of Leeds and Grenville,MUN1,44.8375000,-75.6663889
FCMZO,United Counties of Prescott and Russell,MUN1,45.4175000,-75.2511111
FBHTM,"United Counties of Stormont, Dundas and Glengarry",MUN1,45.2497223,-74.6666666
HAIRP,Unity,TOWN,52.4421250,-109.1574917
ABFAZ,Upper Island Cove,TOWN,47.6496972,-53.2235194
DBESS,Upper Miramichi,MUN1,46.5322910,-66.4529040
EIJYW,Val-David,TOWN,46.0333333,-74.2166667
EIJZE,Val-d'Or,CITY,48.1000000,-77.7833333
ESMWQ,Val-des-Sources,CITY,45.7774000,-71.9384000
EIJYU,Valcourt,CITY,45.5000000,-72.3166667
IAOBD,Valleyview,TOWN,55.0659440,-117.2818610
JBRIK,Vancouver,CITY,49.2611110,-123.1138890
JCVCK,Vanderhoof,MUN1,54.0175000,-124.0075000
EIKGU,Varennes,CITY,45.6825000,-73.4408333
EPUZT,Vaudreuil-Dorion,CITY,45.4000000,-74.0333333
EKTTL,Vaudreuil-Soulanges,MUN1,45.3500000,-74.2166667
EIKNA,Vaudreuil-sur-le-Lac,TOWN,45.4166667,-74.0333333
FCZRF,Vaughan,CITY,43.8528100,-79.5354000
IAOBO,Vauxhall,TOWN,50.0683333,-112.1066667
IAOBT,Vegreville,TOWN,53.4955555,-112.0516667
ERCAD,Verdun,TOWN,45.4583333,-73.5777778
IAOMB,Vermilion,TOWN,53.3547222,-110.8527778
JBOAP,Vernon,CITY,50.2666670,-119.2716670
JBOBQ,Victoria,CITY,48.4283330,-123.3647220
AAWMU,Victoria,TOWN,47.7712500,-53.2380778
CBUCM,Victoria,MUN1,46.5000680,-60.5825700
EPSTL,Victoriaville,CITY,46.0551830,-71.9599970
JBPTY,View Royal,TOWN,48.4519440,-123.4341670
IAONY,Viking,TOWN,53.0947222,-111.7755556
EILNZ,Ville-Marie,CITY,47.3333332,-79.4333333
ERCBP,Villeray–Saint-Michel–Parc-Extension,TOWN,45.5680556,-73.6222222
GBCSD,Virden,TOWN,49.8508330,-100.9316700
HAJMH,Vonda,TOWN,52.3236444,-106.0943806
IAOPA,Vulcan,TOWN,50.4041666,-113.2605556
IATLS,Vulcan County,MUN1,50.4122222,-113.0000000
ABFWS,Wabana,TOWN,47.6394722,-52.9476666
ABFWU,Wabush,TOWN,52.8720000,-66.8909194
HAJMR,Wadena,TOWN,51.9459278,-103.7956750
IAOQH,Wainwright,TOWN,52.8341666,-110.8580556
HAJMV,Wakaw,TOWN,52.6479000,-105.7414380
HAJNB,Waldheim,TOWN,52.6225333,-106.6547917
HAJOT,Wapella,TOWN,50.2595806,-101.9729833
EIMIQ,Warden,TOWN,45.3833333,-72.5000000
HATVB,Warman,CITY,52.3220721,-106.5841825
EIMJF,Warwick,CITY,45.9500000,-71.9833334
FDBEV,Wasaga Beach,TOWN,44.4991670,-80.0169440
EIMLJ,Waterloo,CITY,45.3500000,-72.5166667
FDBJZ,Waterloo,CITY,43.4797222,-80.5411111
EIMLO,Waterville,CITY,45.2780460,-71.8905960
HATOL,Watrous,TOWN,51.6851614,-105.4634694
HAJRH,Watson,TOWN,52.1294167,-104.5188444
KAHDJ,Watson Lake,TOWN,60.0624374,-128.7068575
HAUIX,Wawota,TOWN,49.9065417,-102.0262222
FDOAX,Welland,CITY,42.9971200,-79.2249700
FEQSO,Wellington,MUN1,43.7625000,-80.4508334
JDGSZ,Wells,MUN1,53.1044440,-121.5725000
IAPGS,Wembley,TOWN,55.1555556,-119.1458333
CBUCZ,West Hants,MUN1,45.0000750,-64.1160350
FEUWK,West Nipissing,TOWN,46.4471999,-80.0414000
AAZLS,West St. Modeste,TOWN,51.5974333,-56.7218444
JBJYE,West Vancouver,MUN1,49.3311110,-123.1597220
IAPIL,Westlock,TOWN,54.1552778,-113.8569444
ESAEO,Westmount,CITY,45.4833330,-73.6000000
AAZLH,Westport,TOWN,49.7877889,-56.6175250
CBOLU,Westville,TOWN,45.5563200,-62.7153960
IAPBB,Wetaskiwin,CITY,52.9691667,-113.3769444
HAUMZ,Weyburn,CITY,49.6609833,-103.8526306
IATHM,Wheatland County,MUN1,51.0669440,-112.9352780
JCJHI,Whistler,MUN1,50.1172220,-122.9547220
AAZNX,Whitbourne,TOWN,47.4251083,-53.5417195
FDCYE,Whitby,TOWN,43.9325000,-78.9544445
FDOLC,Whitchurch-Stouffville,TOWN,44.0086111,-79.3175000
HAMUF,White City,TOWN,50.4353483,-104.3570861
JCSNX,White Rock,CITY,49.0236110,-122.7983330
IAPCL,Whitecourt,TOWN,54.1411111,-115.6841667
KAHFT,Whitehorse,CITY,60.7242144,-135.0560981
ABACT,Whiteway,TOWN,47.6830110,-53.4510080
HAUUX,Whitewood,TOWN,50.3311528,-102.2698528
HAPMB,Wilkie,TOWN,52.4086490,-108.7036700
JBTMB,Williams Lake,CITY,52.1291670,-122.1400000
HANJB,Willow Bunch,TOWN,49.3910056,-105.6330528
EINDO,Windsor,CITY,45.5666667,-72.0000000
FDEGT,Windsor,CITY,42.3022700,-82.9934800
GBSLJ,Winkler,CITY,49.1816670,-97.9402780
GBEIN,Winnipeg,CITY,49.8844440,-97.1463890
GBEIP,Winnipeg Beach,TOWN,50.4997220,-96.9747220
AAXQL,Winterland,TOWN,47.1509833,-55.3142694
AAXQQ,Winterton,TOWN,47.9528333,-53.3144861
AAXRG,Witless Bay,TOWN,47.2827139,-52.8220834
CBROD,Wolfville,TOWN,45.0917130,-64.3592420
HANMT,Wolseley,TOWN,50.4221750,-103.2721167
IATHR,Wood Buffalo,MUN1,57.6641670,-112.0050000
IATWI,Woodlands County,MUN1,54.2686111,-115.3997222
DAWNW,Woodstock,TOWN,46.1522220,-67.5983330
AAXTJ,Woodstock,TOWN,49.9659111,-55.8915806
FDFDY,Woodstock,CITY,43.1372222,-80.7377778
ABNSC,Woody Point,TOWN,49.4967500,-57.9260389
HATMX,Wynyard,TOWN,51.7688292,-104.1793250
CBUDA,Yarmouth,MUN1,43.9500750,-66.0327650
HANPS,Yellow Grass,TOWN,49.8065472,-104.1634583
IATUA,Yellowhead County,MUN1,53.4102778,-116.7111111
LBAMG,Yellowknife,CITY,62.4536000,-114.3700000
FEAMO,York,MUN1,44.0023400,-79.4722300
ABEZW,York Harbour,TOWN,49.0609222,-58.3295722
HAVWM,Yorkton,CITY,51.2137750,-102.4628806
HAVTP,Zealandia,TOWN,51.6164194,-107.7440278
JDMEU,qathet Regional District,MUN1,50.0000000,-124.5000000
